"id","title","description","cattype","catImage","srOrder","isActive","isDeleted","createdAt","updatedAt","restaurantId","title_ol"
"1","veg",NULL,NULL,NULL,"0","1","0","2023-09-26 06:20:15","2023-09-26 06:20:15","1",NULL
"2","Non Veg",NULL,NULL,NULL,"0","1","0","2023-09-26 06:27:00","2023-09-26 06:27:00","1",NULL
"3","Veg",NULL,NULL,NULL,"0","1","0","2023-09-26 17:35:59","2023-09-26 17:51:34","2","Veg"
"4","Soups",NULL,NULL,NULL,"0","1","0","2023-09-27 05:13:31","2024-03-08 11:47:37","3","Soups"
"5","Main Course",NULL,NULL,NULL,"0","1","0","2023-09-27 05:13:39","2024-03-08 11:40:25","3","Test"
"6","Deserts",NULL,NULL,NULL,"0","1","0","2023-09-27 05:13:51","2024-03-29 10:07:28","3","मादाम कामा मार्ग"
"7","Entradas",NULL,NULL,NULL,"1","1","0","2023-09-30 14:48:47","2024-03-08 16:22:46","4","Starters"
"8","Sobremesas",NULL,NULL,NULL,"3","1","0","2023-09-30 15:47:43","2024-03-08 16:20:17","4","Desserts"
"9","Pratos principais",NULL,NULL,NULL,"2","1","0","2023-09-30 21:18:20","2024-03-08 16:22:44","4","Main dishes"
"10","Bebidas",NULL,NULL,NULL,"4","1","0","2023-10-01 14:25:29","2024-03-08 16:20:17","4","Drinks and beverages"
"11","Entradas",NULL,NULL,NULL,"0","1","0","2023-10-03 22:29:58","2023-10-03 22:29:58","5",NULL
"12","Comida",NULL,NULL,NULL,"0","1","0","2023-10-09 14:45:08","2023-10-10 07:41:41","6","Food"
"13","Sushi ",NULL,NULL,NULL,"0","1","0","2023-10-10 10:47:43","2023-12-07 16:39:00","7","Sushi"
"14","Sobremesas",NULL,NULL,NULL,"3","1","0","2023-10-10 11:14:25","2023-12-07 16:39:00","7","Desserts"
"15","Massas Japonesas",NULL,NULL,NULL,"2","1","0","2023-10-17 08:03:05","2023-12-26 21:53:03","7","Japanese Noodles"
"16","Sushi Sets",NULL,NULL,NULL,"1","1","0","2023-10-17 08:29:04","2023-12-07 16:39:00","7","Sushi Sets"
"17","Entradas",NULL,NULL,NULL,"0","1","0","2023-11-08 18:30:11","2023-11-08 18:30:11","8",NULL
"18","Pratos do dia",NULL,NULL,NULL,"0","1","0","2023-11-08 18:30:17","2023-11-08 18:30:17","8",NULL
"19","Peixe",NULL,NULL,NULL,"0","1","0","2023-11-08 18:30:26","2023-11-08 18:30:26","8",NULL
"20","Carne",NULL,NULL,NULL,"0","1","0","2023-11-08 18:30:32","2023-11-08 18:30:32","8",NULL
"21","Saladas",NULL,NULL,NULL,"0","1","0","2023-11-08 18:30:39","2023-11-08 18:30:39","8",NULL
"22","Omeletes",NULL,NULL,NULL,"0","1","0","2023-11-08 18:30:42","2023-11-08 18:30:42","8",NULL
"23","Acompanhamentos extra",NULL,NULL,NULL,"0","1","0","2023-11-08 18:30:52","2023-11-08 18:30:52","8",NULL
"24","Sobremesas",NULL,NULL,NULL,"0","1","0","2023-11-08 18:30:56","2023-11-08 18:30:56","8",NULL
"25","Frutas",NULL,NULL,NULL,"0","1","0","2023-11-08 18:31:00","2023-11-08 18:31:00","8",NULL
"26","Cafetaria",NULL,NULL,NULL,"0","1","0","2023-11-08 18:31:09","2023-11-08 18:31:09","8",NULL
"27","Bebidas",NULL,NULL,NULL,"0","1","0","2023-11-08 18:31:35","2023-11-08 18:31:35","8",NULL
"28","ENTRADAS",NULL,NULL,NULL,"0","1","0","2023-11-18 08:58:25","2023-12-18 11:55:30","9","Starters"
"29","PIZZAS",NULL,NULL,NULL,"1","1","0","2023-11-18 08:58:38","2023-12-18 11:55:30","9","PIZZA"
"30","PASTAS",NULL,NULL,NULL,"2","1","0","2023-11-18 08:58:52","2023-12-18 11:55:30","9","PASTA"
"31","SALADAS",NULL,NULL,NULL,"3","1","0","2023-11-18 08:59:06","2023-12-18 11:55:30","9","SALADS"
"32","KIDS",NULL,NULL,NULL,"6","1","0","2023-11-18 08:59:40","2023-12-18 11:55:30","9","KIDS"
"33","CARNES",NULL,NULL,NULL,"4","1","0","2023-11-18 08:59:54","2023-12-18 11:55:30","9","MEAT"
"34","PEIXE",NULL,NULL,NULL,"5","1","0","2023-11-18 09:00:11","2023-12-18 11:55:30","9","FISH"
"35","BEBIDAS SEM ALCOOL",NULL,NULL,NULL,"7","1","0","2023-11-18 09:00:55","2023-12-18 11:55:30","9","NON-ALCOHOLIC DRINKS"
"36","CARTA DOS VINHOS",NULL,NULL,NULL,"8","1","0","2023-11-18 09:01:19","2023-12-18 11:55:30","9","WINE LIST"
"37","BEBIDAS ESPIRITUOSAS",NULL,NULL,NULL,"9","1","0","2023-11-18 09:01:41","2023-12-18 11:55:30","9","ALCOHOLIC BEVERAGES"
"38","Entradas",NULL,NULL,NULL,"0","1","0","2023-11-21 19:52:36","2023-12-16 12:28:44","10",NULL
"39","Saladas",NULL,NULL,NULL,"3","1","0","2023-11-21 19:52:57","2023-12-16 12:28:44","10",NULL
"40","Pratos do dia",NULL,NULL,NULL,"2","1","0","2023-11-21 19:53:05","2023-12-16 12:28:44","10",NULL
"41","Especiais do chefe",NULL,NULL,NULL,"1","1","0","2023-11-21 22:56:04","2023-12-16 12:28:44","10",NULL
"42","Doces e Frutas",NULL,NULL,NULL,"4","1","0","2023-11-21 22:56:20","2023-12-16 12:28:44","10",NULL
"43","Bebidas",NULL,NULL,NULL,"5","1","0","2023-11-21 23:04:38","2023-12-16 12:28:44","10",NULL
"44","Especialiadades",NULL,NULL,NULL,"4","1","1","2023-11-27 22:47:21","2023-12-07 16:23:46","7","Specialties"
"45","Tostas & Wraps",NULL,NULL,NULL,"1","1","0","2023-11-27 23:22:51","2023-11-27 23:25:07","11",NULL
"46","Saladas",NULL,NULL,NULL,"2","1","0","2023-11-27 23:23:29","2023-11-27 23:25:07","11",NULL
"47","Panquecas",NULL,NULL,NULL,"3","1","0","2023-11-27 23:23:51","2023-11-27 23:25:07","11",NULL
"48","Iogurtes",NULL,NULL,NULL,"4","1","0","2023-11-27 23:24:00","2023-11-27 23:25:07","11",NULL
"49","Bagels",NULL,NULL,NULL,"0","1","0","2023-11-27 23:24:58","2023-11-27 23:25:07","11",NULL
"50","Starters",NULL,NULL,NULL,"0","1","0","2023-12-01 19:03:17","2023-12-01 19:03:17","12",NULL
"51","Continental",NULL,NULL,NULL,"0","1","0","2023-12-01 19:03:25","2023-12-01 19:03:25","12",NULL
"52","COMIDAS",NULL,NULL,NULL,"1","1","0","2023-12-06 16:32:33","2024-05-01 10:36:31","13",NULL
"53","Faça a sua poke",NULL,NULL,NULL,"5","1","1","2023-12-07 16:40:49","2024-03-30 15:00:55","7",NULL
"54","Food",NULL,NULL,NULL,"0","1","0","2023-12-10 16:07:39","2023-12-10 16:18:53","14","Food"
"55","Drinks",NULL,NULL,NULL,"0","1","0","2023-12-10 16:07:53","2023-12-10 16:18:17","14","Drinks"
"56","Starters",NULL,NULL,NULL,"0","1","0","2023-12-19 22:31:32","2023-12-26 14:03:19","15","Starters"
"57","Meat",NULL,NULL,NULL,"2","1","0","2023-12-19 22:31:40","2023-12-26 14:03:28","15","Meat"
"58","Fish",NULL,NULL,NULL,"3","1","0","2023-12-19 22:32:01","2023-12-26 14:08:13","15","Fish"
"59","Salads",NULL,NULL,NULL,"4","1","1","2023-12-19 22:32:36","2023-12-19 23:22:08","15",NULL
"60","Fruit and Dessert",NULL,NULL,NULL,"5","1","0","2023-12-19 22:32:49","2023-12-26 14:05:38","15","Fruit and Dessert"
"61","Non Alcoholic Drinks",NULL,NULL,NULL,"6","1","0","2023-12-19 22:33:12","2023-12-26 14:04:52","15","Non Alcoholic Drinks"
"62","Alcoholic drinks",NULL,NULL,NULL,"7","1","0","2023-12-19 22:58:48","2023-12-26 14:04:21","15","Alcoholic drinks"
"63","Chef's specials",NULL,NULL,NULL,"1","1","0","2023-12-19 23:05:03","2023-12-26 14:03:23","15","Chef's specials"
"64","PIZZA ",NULL,NULL,NULL,"0","1","1","2023-12-25 02:24:37","2023-12-25 02:31:47","16",NULL
"65","ENTRADAS / PETISCOS / TAPAS",NULL,NULL,NULL,"0","1","0","2023-12-25 02:31:04","2024-01-09 19:53:12","16","Starters / to nibble"
"66","PASTA & RISOTTO",NULL,NULL,NULL,"2","1","1","2023-12-25 02:33:21","2023-12-25 02:45:43","16",NULL
"67","DO TALHO",NULL,NULL,NULL,"3","1","1","2023-12-25 02:33:40","2023-12-25 03:00:52","16",NULL
"68","DO MAR",NULL,NULL,NULL,"4","1","1","2023-12-25 02:33:52","2023-12-25 03:00:59","16",NULL
"69","DO CAMPO",NULL,NULL,NULL,"5","1","1","2023-12-25 02:35:26","2023-12-25 03:01:08","16",NULL
"70","DOCES ",NULL,NULL,NULL,"3","1","0","2023-12-25 02:35:52","2024-02-27 23:05:38","16","Sweets"
"71","TOSTAS E CREPES SALGADOS ",NULL,NULL,NULL,"4","1","0","2023-12-25 02:36:53","2024-01-10 04:29:23","16","Toasties & salted crepes"
"72","BEBIDAS QUENTES  ",NULL,NULL,NULL,"5","1","0","2023-12-25 02:38:08","2024-01-09 19:56:53","16","Hot Drinks"
"73","PRATOS PRINCIPAIS ",NULL,NULL,NULL,"1","1","0","2023-12-25 02:43:41","2024-01-10 01:53:35","16","Main"
"74","BEBIDAS , DRINKS & COCKTAILS ",NULL,NULL,NULL,"6","1","0","2023-12-26 20:39:17","2024-01-09 19:56:28","16","Drinks & Cocktails & Co"
"75","PIZZAS ",NULL,NULL,NULL,"2","1","0","2023-12-27 02:28:20","2024-02-27 23:02:21","16","Pizzas"
"76","VINHOS    ",NULL,NULL,NULL,"7","1","0","2023-12-27 03:35:31","2024-01-15 06:24:47","16","Wine"
"77","Antipasti",NULL,NULL,NULL,"1","1","0","2023-12-28 11:42:31","2024-01-26 17:08:32","17","Starters"
"78","Pizzas Tradicionais",NULL,NULL,NULL,"2","1","0","2023-12-28 11:42:42","2024-01-26 17:08:32","17","Traditional Pizzas"
"79","Pizzas Especiais",NULL,NULL,NULL,"3","1","0","2023-12-28 11:42:55","2024-01-26 17:08:32","17","Special Pizzas"
"80","Massas Caseiras",NULL,NULL,NULL,"4","1","0","2023-12-28 11:43:05","2024-01-26 17:08:32","17","Pastas"
"81","Sobremesas",NULL,NULL,NULL,"5","1","0","2023-12-28 12:11:19","2024-01-26 17:08:32","17","Desserts"
"82","Bebidas",NULL,NULL,NULL,"6","1","0","2023-12-28 12:12:10","2024-01-26 17:08:32","17",NULL
"83","RESTAURANTE .COME   |   EMENTA",NULL,NULL,NULL,"1","0","1","2023-12-30 21:44:29","2024-03-07 12:16:18","18",NULL
"84","Sobremesas",NULL,NULL,NULL,"2","0","1","2024-01-05 21:39:11","2024-03-07 12:16:24","18",NULL
"85","Pratos do dia",NULL,NULL,NULL,"0","1","1","2024-01-16 21:17:27","2024-01-25 10:12:40","4","Dish of the day"
"86","Food",NULL,NULL,NULL,"0","1","1","2024-01-17 10:39:16","2024-03-28 19:05:01","19",NULL
"87","Hamburger",NULL,NULL,NULL,"0","1","0","2024-01-18 18:31:38","2024-01-18 18:31:38","20",NULL
"88","Entradas",NULL,NULL,NULL,"0","1","0","2024-01-19 17:57:21","2024-03-14 13:49:53","21","Starters"
"89","Sugestões do dia",NULL,NULL,NULL,"1","1","0","2024-01-19 17:57:54","2024-03-14 14:02:36","21","Daily Suggestions"
"90","Carne",NULL,NULL,NULL,"8","1","0","2024-01-19 17:58:34","2024-03-14 14:18:33","21","Meat"
"91","Peixes",NULL,NULL,NULL,"7","1","0","2024-01-19 18:02:14","2024-03-14 14:06:53","21","Fishes"
"92","Mariscos",NULL,NULL,NULL,"2","1","0","2024-01-19 18:03:17","2024-03-14 14:02:27","21","Seafood"
"93","Menu de Comida",NULL,NULL,NULL,"0","1","0","2024-01-24 19:53:46","2024-01-24 20:16:33","22",NULL
"94","Entradas",NULL,NULL,NULL,"0","1","0","2024-01-25 18:26:42","2024-01-25 19:07:30","23","Starters"
"95","Saladas",NULL,NULL,NULL,"0","1","0","2024-01-25 18:26:57","2024-01-25 22:29:27","23","Salads"
"96","Cozinha Tradicional",NULL,NULL,NULL,"0","1","0","2024-01-25 18:27:10","2024-01-25 22:30:56","23","Traditional cuisine"
"97","Sobremesas",NULL,NULL,NULL,"0","1","0","2024-01-25 18:27:18","2024-01-25 22:43:10","23","Desserts"
"98","Bebidas",NULL,NULL,NULL,"0","1","0","2024-01-25 18:27:48","2024-01-25 22:45:30","23","Drinks"
"99","Carta de Vinhos",NULL,NULL,NULL,"0","1","0","2024-01-25 18:56:56","2024-01-25 22:54:03","23","Wines list"
"100","Vinhos",NULL,NULL,NULL,"7","1","0","2024-01-26 13:45:08","2024-01-26 17:08:32","17",NULL
"101","Pratos Especiais do Dia",NULL,NULL,NULL,"0","0","0","2024-01-26 17:08:22","2024-03-14 14:39:54","17",NULL
"102","North",NULL,NULL,NULL,"0","1","0","2024-02-05 07:47:44","2024-02-05 07:47:44","26",NULL
"103","South",NULL,NULL,NULL,"0","1","0","2024-02-05 07:47:53","2024-02-05 07:47:53","26",NULL
"104","Middle",NULL,NULL,NULL,"0","1","0","2024-02-05 07:48:02","2024-02-05 07:48:02","26",NULL
"105","Sushi e Pokes",NULL,NULL,NULL,"0","1","0","2024-02-06 13:30:53","2024-02-10 19:50:32","24",NULL
"106","ENTRADA",NULL,NULL,NULL,"0","1","0","2024-02-07 19:31:41","2024-02-07 21:14:33","27",NULL
"107","HAMBURGUER´S",NULL,NULL,NULL,"2","1","0","2024-02-07 19:44:43","2024-02-07 21:14:33","27",NULL
"108","MENU INFANTIL - Inclui Água ou Bongo - (Até aos 12 anos)",NULL,NULL,NULL,"1","1","0","2024-02-07 19:49:03","2024-02-07 21:14:33","27",NULL
"109","PEIXE",NULL,NULL,NULL,"3","1","0","2024-02-07 19:56:21","2024-02-07 21:14:33","27",NULL
"110","Couvert",NULL,NULL,NULL,"0","1","0","2024-02-07 19:58:11","2024-02-07 19:58:11","28",NULL
"111","CARNES",NULL,NULL,NULL,"5","1","0","2024-02-07 19:58:22","2024-02-07 21:14:33","27",NULL
"112","Entradas",NULL,NULL,NULL,"0","1","0","2024-02-07 20:00:08","2024-02-07 20:00:08","28",NULL
"113","ACOMPANHAMENTOS",NULL,NULL,NULL,"4","1","0","2024-02-07 20:05:50","2024-02-07 21:14:33","27",NULL
"114","PASTAS",NULL,NULL,NULL,"6","1","0","2024-02-07 20:37:31","2024-02-07 21:14:33","27",NULL
"115","PIZZAS",NULL,NULL,NULL,"7","1","0","2024-02-07 21:15:16","2024-02-07 21:15:16","27",NULL
"116","INGREDIENTES",NULL,NULL,NULL,"8","1","0","2024-02-07 22:11:51","2024-02-07 22:11:51","27",NULL
"117","Bebidas",NULL,NULL,NULL,"0","1","0","2024-02-10 19:50:02","2024-02-10 19:50:02","24",NULL
"118","Carnes",NULL,NULL,NULL,"0","1","0","2024-02-12 17:43:17","2024-02-12 17:43:17","30",NULL
"119","Peixe",NULL,NULL,NULL,"0","1","0","2024-02-12 17:43:26","2024-02-12 17:43:26","30",NULL
"120","Entradas",NULL,NULL,NULL,"0","1","0","2024-02-18 11:55:39","2024-03-09 00:10:51","31","Starters"
"121","Pratos principais",NULL,NULL,NULL,"0","1","0","2024-02-18 11:55:45","2024-03-09 00:14:02","31","Main courses"
"122","Sobremesas",NULL,NULL,NULL,"0","1","0","2024-02-18 11:55:51","2024-03-09 00:28:54","31","Desserts"
"123","Bebidas",NULL,NULL,NULL,"0","1","0","2024-02-18 11:55:55","2024-03-09 00:29:55","31","Drinks"
"124","SOBREMESAS",NULL,NULL,NULL,"10","1","0","2024-02-19 19:12:44","2024-02-27 23:47:48","9","Desserts"
"125","Test",NULL,NULL,NULL,"0","1","0","2024-02-21 09:20:53","2024-03-06 17:43:37","3","test"
"126","Pratos do dia",NULL,NULL,NULL,"1","0","1","2024-02-21 16:24:36","2024-02-21 16:26:39","4",NULL
"127","Menus de almoço",NULL,NULL,NULL,"0","0","0","2024-02-21 16:27:04","2024-04-16 22:09:56","4","Special offers"
"128","Entradas",NULL,NULL,NULL,"0","1","0","2024-02-21 22:31:54","2024-03-01 22:14:25","33",NULL
"129","Prato Principal",NULL,NULL,NULL,"1","1","0","2024-02-21 22:32:11","2024-03-01 22:14:25","33",NULL
"130","Sobremesas",NULL,NULL,NULL,"4","1","0","2024-02-21 22:35:53","2024-03-01 22:14:25","33",NULL
"131","Bebidas",NULL,NULL,NULL,"3","1","0","2024-02-21 22:36:05","2024-03-01 22:14:25","33",NULL
"132","Sugestão do Dia",NULL,NULL,NULL,"0","0","1","2024-02-22 10:13:54","2024-03-03 13:01:43","18",NULL
"133","Entradas",NULL,NULL,NULL,"0","1","0","2024-02-23 11:37:27","2024-02-23 11:37:27","32",NULL
"134","Petiscos",NULL,NULL,NULL,"0","1","0","2024-02-23 11:37:35","2024-02-23 11:37:35","32",NULL
"135","Especialidades",NULL,NULL,NULL,"0","1","0","2024-02-23 11:37:42","2024-02-23 11:37:42","32",NULL
"136","Carnes",NULL,NULL,NULL,"0","1","0","2024-02-23 11:37:50","2024-02-23 11:48:55","32","Meat"
"137","Mariscos",NULL,NULL,NULL,"0","1","0","2024-02-23 11:37:58","2024-02-23 11:37:58","32",NULL
"138","Hambúrgueres",NULL,NULL,NULL,"0","1","0","2024-02-23 11:38:07","2024-02-23 11:38:07","32",NULL
"139","Pregos",NULL,NULL,NULL,"0","1","0","2024-02-23 11:38:16","2024-02-23 11:38:16","32",NULL
"140","Saladas",NULL,NULL,NULL,"0","1","0","2024-02-23 11:38:22","2024-02-23 11:38:22","32",NULL
"141","Infantis",NULL,NULL,NULL,"0","1","0","2024-02-23 11:38:29","2024-02-23 11:42:33","32",NULL
"142","Acompanhamentos",NULL,NULL,NULL,"0","1","0","2024-02-23 11:38:33","2024-02-23 11:38:33","32",NULL
"143","Bebidas",NULL,NULL,NULL,"0","1","0","2024-02-23 11:38:41","2024-02-23 11:38:41","32",NULL
"148","Soup",NULL,NULL,NULL,"0","1","0","2024-02-23 13:07:32","2024-02-23 13:07:32","43",NULL
"149","Vinhos",NULL,NULL,NULL,"3","1","1","2024-02-23 14:32:19","2024-02-23 15:07:52","33",NULL
"150","VNese Food",NULL,NULL,NULL,"0","1","0","2024-02-23 16:19:23","2024-02-23 16:19:23","34",NULL
"153","Soups",NULL,NULL,NULL,"0","1","1","2023-09-27 05:13:31","2024-02-26 09:30:19","3","मराठी भाषा विभाग नवीन प्रशासन भवन, ८ वा मजला, मादाम कामा मार्ग, हुतात्मा राजगुरु चौक, मंत्राल"
"154","Main Course",NULL,NULL,NULL,"0","1","1","2023-09-27 05:13:39","2024-02-26 09:30:26","3","विभाग नवीन"
"155","Deserts",NULL,NULL,NULL,"0","1","1","2023-09-27 05:13:51","2024-02-26 09:30:31","3","मादाम कामा मार्ग"
"156","Test",NULL,NULL,NULL,"0","1","1","2024-02-21 09:20:53","2024-02-26 09:30:35","3",NULL
"157","Soups",NULL,NULL,NULL,"0","1","0","2023-09-27 05:13:31","2024-02-26 09:31:20","47","मराठी भाषा विभाग नवीन प्रशासन भवन, ८ वा मजला, मादाम कामा मार्ग, हुतात्मा राजगुरु चौक, मंत्राल"
"158","Main Course",NULL,NULL,NULL,"0","1","0","2023-09-27 05:13:39","2024-02-26 09:31:20","47","विभाग नवीन"
"159","Deserts",NULL,NULL,NULL,"0","1","0","2023-09-27 05:13:51","2024-02-26 09:31:20","47","मादाम कामा मार्ग"
"160","Test",NULL,NULL,NULL,"0","1","0","2024-02-21 09:20:53","2024-02-26 09:31:20","47",NULL
"161","Soups",NULL,NULL,NULL,"0","1","1","2023-09-27 05:13:31","2024-02-26 09:31:20","47","मराठी भाषा विभाग नवीन प्रशासन भवन, ८ वा मजला, मादाम कामा मार्ग, हुतात्मा राजगुरु चौक, मंत्राल"
"162","Main Course",NULL,NULL,NULL,"0","1","1","2023-09-27 05:13:39","2024-02-26 09:31:20","47","विभाग नवीन"
"163","Deserts",NULL,NULL,NULL,"0","1","1","2023-09-27 05:13:51","2024-02-26 09:31:20","47","मादाम कामा मार्ग"
"164","Test",NULL,NULL,NULL,"0","1","1","2024-02-21 09:20:53","2024-02-26 09:31:20","47",NULL
"165","Soups",NULL,NULL,NULL,"0","1","0","2023-09-27 05:13:31","2024-02-26 15:05:19","49","मराठी भाषा विभाग नवीन प्रशासन भवन, ८ वा मजला, मादाम कामा मार्ग, हुतात्मा राजगुरु चौक, मंत्राल"
"166","Main Course",NULL,NULL,NULL,"0","1","0","2023-09-27 05:13:39","2024-02-26 15:05:19","49","विभाग नवीन"
"167","Deserts",NULL,NULL,NULL,"0","1","0","2023-09-27 05:13:51","2024-02-26 15:05:19","49","मादाम कामा मार्ग"
"168","Test",NULL,NULL,NULL,"0","1","0","2024-02-21 09:20:53","2024-02-26 15:05:19","49",NULL
"169","Soups",NULL,NULL,NULL,"0","1","1","2023-09-27 05:13:31","2024-02-26 15:05:19","49","मराठी भाषा विभाग नवीन प्रशासन भवन, ८ वा मजला, मादाम कामा मार्ग, हुतात्मा राजगुरु चौक, मंत्राल"
"170","Main Course",NULL,NULL,NULL,"0","1","1","2023-09-27 05:13:39","2024-02-26 15:05:19","49","विभाग नवीन"
"171","Deserts",NULL,NULL,NULL,"0","1","1","2023-09-27 05:13:51","2024-02-26 15:05:19","49","मादाम कामा मार्ग"
"172","Test",NULL,NULL,NULL,"0","1","1","2024-02-21 09:20:53","2024-02-26 15:05:19","49",NULL
"173","Soups",NULL,NULL,NULL,"0","1","0","2023-09-27 05:13:31","2024-02-26 15:07:14","50","मराठी भाषा विभाग नवीन प्रशासन भवन, ८ वा मजला, मादाम कामा मार्ग, हुतात्मा राजगुरु चौक, मंत्राल"
"174","Main Course",NULL,NULL,NULL,"0","1","0","2023-09-27 05:13:39","2024-02-26 15:07:14","50","विभाग नवीन"
"175","Deserts",NULL,NULL,NULL,"0","1","0","2023-09-27 05:13:51","2024-02-26 15:07:14","50","मादाम कामा मार्ग"
"176","Test",NULL,NULL,NULL,"0","1","0","2024-02-21 09:20:53","2024-02-26 15:07:14","50",NULL
"177","Soups",NULL,NULL,NULL,"0","1","1","2023-09-27 05:13:31","2024-02-26 15:07:14","50","मराठी भाषा विभाग नवीन प्रशासन भवन, ८ वा मजला, मादाम कामा मार्ग, हुतात्मा राजगुरु चौक, मंत्राल"
"178","Main Course",NULL,NULL,NULL,"0","1","1","2023-09-27 05:13:39","2024-02-26 15:07:14","50","विभाग नवीन"
"179","Deserts",NULL,NULL,NULL,"0","1","1","2023-09-27 05:13:51","2024-02-26 15:07:14","50","मादाम कामा मार्ग"
"180","Test",NULL,NULL,NULL,"0","1","1","2024-02-21 09:20:53","2024-02-26 15:07:14","50",NULL
"181","Soups",NULL,NULL,NULL,"0","1","0","2023-09-27 05:13:31","2024-02-26 15:08:12","51","मराठी भाषा विभाग नवीन प्रशासन भवन, ८ वा मजला, मादाम कामा मार्ग, हुतात्मा राजगुरु चौक, मंत्राल"
"182","Main Course",NULL,NULL,NULL,"0","1","0","2023-09-27 05:13:39","2024-02-26 15:08:12","51","विभाग नवीन"
"183","Deserts",NULL,NULL,NULL,"0","1","0","2023-09-27 05:13:51","2024-02-26 15:08:12","51","मादाम कामा मार्ग"
"184","Test",NULL,NULL,NULL,"0","1","0","2024-02-21 09:20:53","2024-02-26 15:08:12","51",NULL
"185","Soups",NULL,NULL,NULL,"0","1","1","2023-09-27 05:13:31","2024-02-26 15:08:12","51","मराठी भाषा विभाग नवीन प्रशासन भवन, ८ वा मजला, मादाम कामा मार्ग, हुतात्मा राजगुरु चौक, मंत्राल"
"186","Main Course",NULL,NULL,NULL,"0","1","1","2023-09-27 05:13:39","2024-02-26 15:08:12","51","विभाग नवीन"
"187","Deserts",NULL,NULL,NULL,"0","1","1","2023-09-27 05:13:51","2024-02-26 15:08:12","51","मादाम कामा मार्ग"
"188","Test",NULL,NULL,NULL,"0","1","1","2024-02-21 09:20:53","2024-02-26 15:08:12","51",NULL
"189","Soups",NULL,NULL,NULL,"0","1","0","2023-09-27 05:13:31","2024-02-27 10:51:10","53","मराठी भाषा विभाग नवीन प्रशासन भवन, ८ वा मजला, मादाम कामा मार्ग, हुतात्मा राजगुरु चौक, मंत्राल"
"190","Main Course",NULL,NULL,NULL,"0","1","0","2023-09-27 05:13:39","2024-02-27 10:51:10","53","विभाग नवीन"
"191","Deserts",NULL,NULL,NULL,"0","1","0","2023-09-27 05:13:51","2024-02-27 10:51:10","53","मादाम कामा मार्ग"
"192","Test",NULL,NULL,NULL,"0","1","0","2024-02-21 09:20:53","2024-02-27 10:51:10","53",NULL
"193","Soups",NULL,NULL,NULL,"0","1","1","2023-09-27 05:13:31","2024-02-27 10:51:10","53","मराठी भाषा विभाग नवीन प्रशासन भवन, ८ वा मजला, मादाम कामा मार्ग, हुतात्मा राजगुरु चौक, मंत्राल"
"194","Main Course",NULL,NULL,NULL,"0","1","1","2023-09-27 05:13:39","2024-02-27 10:51:10","53","विभाग नवीन"
"195","Deserts",NULL,NULL,NULL,"0","1","1","2023-09-27 05:13:51","2024-02-27 10:51:10","53","मादाम कामा मार्ग"
"196","Test",NULL,NULL,NULL,"0","1","1","2024-02-21 09:20:53","2024-02-27 10:51:10","53",NULL
"197","Soups",NULL,NULL,NULL,"0","1","0","2023-09-27 05:13:31","2024-02-27 13:08:37","54","मराठी भाषा विभाग नवीन प्रशासन भवन, ८ वा मजला, मादाम कामा मार्ग, हुतात्मा राजगुरु चौक, मंत्राल"
"198","Main Course",NULL,NULL,NULL,"0","1","0","2023-09-27 05:13:39","2024-02-27 13:08:37","54","विभाग नवीन"
"199","Deserts",NULL,NULL,NULL,"0","1","0","2023-09-27 05:13:51","2024-02-27 13:08:37","54","मादाम कामा मार्ग"
"200","Test",NULL,NULL,NULL,"0","1","0","2024-02-21 09:20:53","2024-02-27 13:08:37","54",NULL
"201","Soups",NULL,NULL,NULL,"0","1","1","2023-09-27 05:13:31","2024-02-27 13:08:37","54","मराठी भाषा विभाग नवीन प्रशासन भवन, ८ वा मजला, मादाम कामा मार्ग, हुतात्मा राजगुरु चौक, मंत्राल"
"202","Main Course",NULL,NULL,NULL,"0","1","1","2023-09-27 05:13:39","2024-02-27 13:08:37","54","विभाग नवीन"
"203","Deserts",NULL,NULL,NULL,"0","1","1","2023-09-27 05:13:51","2024-02-27 13:08:37","54","मादाम कामा मार्ग"
"204","Test",NULL,NULL,NULL,"0","1","1","2024-02-21 09:20:53","2024-02-27 13:08:37","54",NULL
"205","Soups",NULL,NULL,NULL,"0","1","0","2023-09-27 05:13:31","2024-02-27 13:09:08","55","मराठी भाषा विभाग नवीन प्रशासन भवन, ८ वा मजला, मादाम कामा मार्ग, हुतात्मा राजगुरु चौक, मंत्राल"
"206","Main Course",NULL,NULL,NULL,"0","1","0","2023-09-27 05:13:39","2024-02-27 13:09:08","55","विभाग नवीन"
"207","Deserts",NULL,NULL,NULL,"0","1","0","2023-09-27 05:13:51","2024-02-27 13:09:08","55","मादाम कामा मार्ग"
"208","Test",NULL,NULL,NULL,"0","1","0","2024-02-21 09:20:53","2024-02-27 13:09:08","55",NULL
"209","Soups",NULL,NULL,NULL,"0","1","1","2023-09-27 05:13:31","2024-02-27 13:09:08","55","मराठी भाषा विभाग नवीन प्रशासन भवन, ८ वा मजला, मादाम कामा मार्ग, हुतात्मा राजगुरु चौक, मंत्राल"
"210","Main Course",NULL,NULL,NULL,"0","1","1","2023-09-27 05:13:39","2024-02-27 13:09:08","55","विभाग नवीन"
"211","Deserts",NULL,NULL,NULL,"0","1","1","2023-09-27 05:13:51","2024-02-27 13:09:08","55","मादाम कामा मार्ग"
"212","Test",NULL,NULL,NULL,"0","1","1","2024-02-21 09:20:53","2024-02-27 13:09:08","55",NULL
"213","Soups",NULL,NULL,NULL,"0","1","0","2023-09-27 05:13:31","2024-02-27 13:10:17","56","मराठी भाषा विभाग नवीन प्रशासन भवन, ८ वा मजला, मादाम कामा मार्ग, हुतात्मा राजगुरु चौक, मंत्राल"
"214","Main Course",NULL,NULL,NULL,"0","1","0","2023-09-27 05:13:39","2024-02-27 13:10:17","56","विभाग नवीन"
"215","Deserts",NULL,NULL,NULL,"0","1","0","2023-09-27 05:13:51","2024-02-27 13:10:17","56","मादाम कामा मार्ग"
"216","Test",NULL,NULL,NULL,"0","1","0","2024-02-21 09:20:53","2024-02-27 13:10:17","56",NULL
"217","Soups",NULL,NULL,NULL,"0","1","1","2023-09-27 05:13:31","2024-02-27 13:10:17","56","मराठी भाषा विभाग नवीन प्रशासन भवन, ८ वा मजला, मादाम कामा मार्ग, हुतात्मा राजगुरु चौक, मंत्राल"
"218","Main Course",NULL,NULL,NULL,"0","1","1","2023-09-27 05:13:39","2024-02-27 13:10:17","56","विभाग नवीन"
"219","Deserts",NULL,NULL,NULL,"0","1","1","2023-09-27 05:13:51","2024-02-27 13:10:17","56","मादाम कामा मार्ग"
"220","Test",NULL,NULL,NULL,"0","1","1","2024-02-21 09:20:53","2024-02-27 13:10:17","56",NULL
"221","Soups",NULL,NULL,NULL,"0","1","0","2023-09-27 05:13:31","2024-02-27 13:10:40","57","मराठी भाषा विभाग नवीन प्रशासन भवन, ८ वा मजला, मादाम कामा मार्ग, हुतात्मा राजगुरु चौक, मंत्राल"
"222","Main Course",NULL,NULL,NULL,"0","1","0","2023-09-27 05:13:39","2024-02-27 13:10:40","57","विभाग नवीन"
"223","Deserts",NULL,NULL,NULL,"0","1","0","2023-09-27 05:13:51","2024-02-27 13:10:40","57","मादाम कामा मार्ग"
"224","Test",NULL,NULL,NULL,"0","1","0","2024-02-21 09:20:53","2024-02-27 13:10:40","57",NULL
"225","Soups",NULL,NULL,NULL,"0","1","1","2023-09-27 05:13:31","2024-02-27 13:10:40","57","मराठी भाषा विभाग नवीन प्रशासन भवन, ८ वा मजला, मादाम कामा मार्ग, हुतात्मा राजगुरु चौक, मंत्राल"
"226","Main Course",NULL,NULL,NULL,"0","1","1","2023-09-27 05:13:39","2024-02-27 13:10:40","57","विभाग नवीन"
"227","Deserts",NULL,NULL,NULL,"0","1","1","2023-09-27 05:13:51","2024-02-27 13:10:41","57","मादाम कामा मार्ग"
"228","Test",NULL,NULL,NULL,"0","1","1","2024-02-21 09:20:53","2024-02-27 13:10:41","57",NULL
"229","Food",NULL,NULL,NULL,"0","1","0","2024-01-17 10:39:16","2024-02-27 13:11:37","58",NULL
"230","Soups",NULL,NULL,NULL,"0","1","0","2023-09-27 05:13:31","2024-02-27 13:13:18","59","मराठी भाषा विभाग नवीन प्रशासन भवन, ८ वा मजला, मादाम कामा मार्ग, हुतात्मा राजगुरु चौक, मंत्राल"
"231","Main Course",NULL,NULL,NULL,"0","1","0","2023-09-27 05:13:39","2024-02-27 13:13:18","59","विभाग नवीन"
"232","Deserts",NULL,NULL,NULL,"0","1","0","2023-09-27 05:13:51","2024-02-27 13:13:18","59","मादाम कामा मार्ग"
"233","Test",NULL,NULL,NULL,"0","1","0","2024-02-21 09:20:53","2024-02-28 09:08:17","59","Test english"
"234","Soups",NULL,NULL,NULL,"0","1","1","2023-09-27 05:13:31","2024-02-27 13:13:18","59","मराठी भाषा विभाग नवीन प्रशासन भवन, ८ वा मजला, मादाम कामा मार्ग, हुतात्मा राजगुरु चौक, मंत्राल"
"235","Main Course",NULL,NULL,NULL,"0","1","1","2023-09-27 05:13:39","2024-02-27 13:13:18","59","विभाग नवीन"
"236","Deserts",NULL,NULL,NULL,"0","1","1","2023-09-27 05:13:51","2024-02-27 13:13:18","59","मादाम कामा मार्ग"
"237","Test",NULL,NULL,NULL,"0","1","1","2024-02-21 09:20:53","2024-02-27 13:13:18","59",NULL
"238","Soups",NULL,NULL,NULL,"0","1","0","2023-09-27 05:13:31","2024-02-27 13:13:36","60","मराठी भाषा विभाग नवीन प्रशासन भवन, ८ वा मजला, मादाम कामा मार्ग, हुतात्मा राजगुरु चौक, मंत्राल"
"239","Main Course",NULL,NULL,NULL,"0","1","0","2023-09-27 05:13:39","2024-02-27 13:13:36","60","विभाग नवीन"
"240","Deserts",NULL,NULL,NULL,"0","1","0","2023-09-27 05:13:51","2024-02-27 13:13:36","60","मादाम कामा मार्ग"
"241","Test",NULL,NULL,NULL,"0","1","0","2024-02-21 09:20:53","2024-02-27 13:13:36","60",NULL
"242","Soups",NULL,NULL,NULL,"0","1","1","2023-09-27 05:13:31","2024-02-27 13:13:36","60","मराठी भाषा विभाग नवीन प्रशासन भवन, ८ वा मजला, मादाम कामा मार्ग, हुतात्मा राजगुरु चौक, मंत्राल"
"243","Main Course",NULL,NULL,NULL,"0","1","1","2023-09-27 05:13:39","2024-02-27 13:13:36","60","विभाग नवीन"
"244","Deserts",NULL,NULL,NULL,"0","1","1","2023-09-27 05:13:51","2024-02-27 13:13:36","60","मादाम कामा मार्ग"
"245","Test",NULL,NULL,NULL,"0","1","1","2024-02-21 09:20:53","2024-02-27 13:13:36","60",NULL
"246","Soups",NULL,NULL,NULL,"0","1","0","2023-09-27 05:13:31","2024-02-27 13:36:58","61","मराठी भाषा विभाग नवीन प्रशासन भवन, ८ वा मजला, मादाम कामा मार्ग, हुतात्मा राजगुरु चौक, मंत्राल"
"247","Main Course",NULL,NULL,NULL,"0","1","0","2023-09-27 05:13:39","2024-02-27 13:36:58","61","विभाग नवीन"
"248","Deserts",NULL,NULL,NULL,"0","1","0","2023-09-27 05:13:51","2024-02-27 13:36:58","61","मादाम कामा मार्ग"
"249","Test",NULL,NULL,NULL,"0","1","0","2024-02-21 09:20:53","2024-02-27 13:36:58","61",NULL
"250","Soups",NULL,NULL,NULL,"0","1","1","2023-09-27 05:13:31","2024-02-27 13:36:58","61","मराठी भाषा विभाग नवीन प्रशासन भवन, ८ वा मजला, मादाम कामा मार्ग, हुतात्मा राजगुरु चौक, मंत्राल"
"251","Main Course",NULL,NULL,NULL,"0","1","1","2023-09-27 05:13:39","2024-02-27 13:36:58","61","विभाग नवीन"
"252","Deserts",NULL,NULL,NULL,"0","1","1","2023-09-27 05:13:51","2024-02-27 13:36:58","61","मादाम कामा मार्ग"
"253","Test",NULL,NULL,NULL,"0","1","1","2024-02-21 09:20:53","2024-02-27 13:36:58","61",NULL
"254","Soups",NULL,NULL,NULL,"0","1","0","2023-09-27 05:13:31","2024-02-27 13:37:14","62","मराठी भाषा विभाग नवीन प्रशासन भवन, ८ वा मजला, मादाम कामा मार्ग, हुतात्मा राजगुरु चौक, मंत्राल"
"255","Main Course",NULL,NULL,NULL,"0","1","0","2023-09-27 05:13:39","2024-02-27 13:37:14","62","विभाग नवीन"
"256","Deserts",NULL,NULL,NULL,"0","1","0","2023-09-27 05:13:51","2024-02-27 13:37:14","62","मादाम कामा मार्ग"
"257","Test",NULL,NULL,NULL,"0","1","0","2024-02-21 09:20:53","2024-02-27 13:37:14","62",NULL
"258","Soups",NULL,NULL,NULL,"0","1","1","2023-09-27 05:13:31","2024-02-27 13:37:14","62","मराठी भाषा विभाग नवीन प्रशासन भवन, ८ वा मजला, मादाम कामा मार्ग, हुतात्मा राजगुरु चौक, मंत्राल"
"259","Main Course",NULL,NULL,NULL,"0","1","1","2023-09-27 05:13:39","2024-02-27 13:37:14","62","विभाग नवीन"
"260","Deserts",NULL,NULL,NULL,"0","1","1","2023-09-27 05:13:51","2024-02-27 13:37:14","62","मादाम कामा मार्ग"
"261","Test",NULL,NULL,NULL,"0","1","1","2024-02-21 09:20:53","2024-02-27 13:37:14","62",NULL
"262","Soups",NULL,NULL,NULL,"0","1","0","2023-09-27 05:13:31","2024-02-27 13:37:53","63","मराठी भाषा विभाग नवीन प्रशासन भवन, ८ वा मजला, मादाम कामा मार्ग, हुतात्मा राजगुरु चौक, मंत्राल"
"263","Main Course",NULL,NULL,NULL,"0","1","0","2023-09-27 05:13:39","2024-02-27 13:37:53","63","विभाग नवीन"
"264","Deserts",NULL,NULL,NULL,"0","1","0","2023-09-27 05:13:51","2024-02-27 13:37:53","63","मादाम कामा मार्ग"
"265","Test",NULL,NULL,NULL,"0","1","0","2024-02-21 09:20:53","2024-02-27 13:37:53","63",NULL
"266","Soups",NULL,NULL,NULL,"0","1","1","2023-09-27 05:13:31","2024-02-27 13:37:53","63","मराठी भाषा विभाग नवीन प्रशासन भवन, ८ वा मजला, मादाम कामा मार्ग, हुतात्मा राजगुरु चौक, मंत्राल"
"267","Main Course",NULL,NULL,NULL,"0","1","1","2023-09-27 05:13:39","2024-02-27 13:37:53","63","विभाग नवीन"
"268","Deserts",NULL,NULL,NULL,"0","1","1","2023-09-27 05:13:51","2024-02-27 13:37:53","63","मादाम कामा मार्ग"
"269","Test",NULL,NULL,NULL,"0","1","1","2024-02-21 09:20:53","2024-02-27 13:37:53","63",NULL
"270","Soups",NULL,NULL,NULL,"0","1","0","2023-09-27 05:13:31","2024-02-27 13:40:41","64","मराठी भाषा विभाग नवीन प्रशासन भवन, ८ वा मजला, मादाम कामा मार्ग, हुतात्मा राजगुरु चौक, मंत्राल"
"271","Main Course",NULL,NULL,NULL,"0","1","0","2023-09-27 05:13:39","2024-02-27 13:40:41","64","विभाग नवीन"
"272","Deserts",NULL,NULL,NULL,"0","1","0","2023-09-27 05:13:51","2024-02-27 13:40:41","64","मादाम कामा मार्ग"
"273","Test",NULL,NULL,NULL,"0","1","0","2024-02-21 09:20:53","2024-02-27 13:40:41","64",NULL
"274","Soups",NULL,NULL,NULL,"0","1","1","2023-09-27 05:13:31","2024-02-27 13:40:41","64","मराठी भाषा विभाग नवीन प्रशासन भवन, ८ वा मजला, मादाम कामा मार्ग, हुतात्मा राजगुरु चौक, मंत्राल"
"275","Main Course",NULL,NULL,NULL,"0","1","1","2023-09-27 05:13:39","2024-02-27 13:40:41","64","विभाग नवीन"
"276","Deserts",NULL,NULL,NULL,"0","1","1","2023-09-27 05:13:51","2024-02-27 13:40:41","64","मादाम कामा मार्ग"
"277","Test",NULL,NULL,NULL,"0","1","1","2024-02-21 09:20:53","2024-02-27 13:40:41","64",NULL
"278","Soups",NULL,NULL,NULL,"0","1","0","2023-09-27 05:13:31","2024-02-27 13:41:07","65","मराठी भाषा विभाग नवीन प्रशासन भवन, ८ वा मजला, मादाम कामा मार्ग, हुतात्मा राजगुरु चौक, मंत्राल"
"279","Main Course",NULL,NULL,NULL,"0","1","0","2023-09-27 05:13:39","2024-02-27 13:41:07","65","विभाग नवीन"
"280","Deserts",NULL,NULL,NULL,"0","1","0","2023-09-27 05:13:51","2024-02-27 13:41:07","65","मादाम कामा मार्ग"
"281","Test",NULL,NULL,NULL,"0","1","0","2024-02-21 09:20:53","2024-02-27 13:41:07","65",NULL
"282","Soups",NULL,NULL,NULL,"0","1","1","2023-09-27 05:13:31","2024-02-27 13:41:07","65","मराठी भाषा विभाग नवीन प्रशासन भवन, ८ वा मजला, मादाम कामा मार्ग, हुतात्मा राजगुरु चौक, मंत्राल"
"283","Main Course",NULL,NULL,NULL,"0","1","1","2023-09-27 05:13:39","2024-02-27 13:41:07","65","विभाग नवीन"
"284","Deserts",NULL,NULL,NULL,"0","1","1","2023-09-27 05:13:51","2024-02-27 13:41:07","65","मादाम कामा मार्ग"
"285","Test",NULL,NULL,NULL,"0","1","1","2024-02-21 09:20:53","2024-02-27 13:41:07","65",NULL
"286","Soups",NULL,NULL,NULL,"0","1","0","2023-09-27 05:13:31","2024-02-27 13:41:45","66","मराठी भाषा विभाग नवीन प्रशासन भवन, ८ वा मजला, मादाम कामा मार्ग, हुतात्मा राजगुरु चौक, मंत्राल"
"287","Main Course",NULL,NULL,NULL,"0","1","0","2023-09-27 05:13:39","2024-02-27 13:41:45","66","विभाग नवीन"
"288","Deserts",NULL,NULL,NULL,"0","1","0","2023-09-27 05:13:51","2024-02-27 13:41:45","66","मादाम कामा मार्ग"
"289","Test",NULL,NULL,NULL,"0","1","0","2024-02-21 09:20:53","2024-02-27 13:41:45","66",NULL
"290","Soups",NULL,NULL,NULL,"0","1","1","2023-09-27 05:13:31","2024-02-27 13:41:45","66","मराठी भाषा विभाग नवीन प्रशासन भवन, ८ वा मजला, मादाम कामा मार्ग, हुतात्मा राजगुरु चौक, मंत्राल"
"291","Main Course",NULL,NULL,NULL,"0","1","1","2023-09-27 05:13:39","2024-02-27 13:41:45","66","विभाग नवीन"
"292","Deserts",NULL,NULL,NULL,"0","1","1","2023-09-27 05:13:51","2024-02-27 13:41:45","66","मादाम कामा मार्ग"
"293","Test",NULL,NULL,NULL,"0","1","1","2024-02-21 09:20:53","2024-02-27 13:41:45","66",NULL
"294","Soups",NULL,NULL,NULL,"0","1","0","2023-09-27 05:13:31","2024-02-27 13:42:07","67","मराठी भाषा विभाग नवीन प्रशासन भवन, ८ वा मजला, मादाम कामा मार्ग, हुतात्मा राजगुरु चौक, मंत्राल"
"295","Main Course",NULL,NULL,NULL,"0","1","0","2023-09-27 05:13:39","2024-02-27 13:42:07","67","विभाग नवीन"
"296","Deserts",NULL,NULL,NULL,"0","1","0","2023-09-27 05:13:51","2024-02-27 13:42:07","67","मादाम कामा मार्ग"
"297","Test",NULL,NULL,NULL,"0","1","0","2024-02-21 09:20:53","2024-02-27 13:42:07","67",NULL
"298","Soups",NULL,NULL,NULL,"0","1","1","2023-09-27 05:13:31","2024-02-27 13:42:07","67","मराठी भाषा विभाग नवीन प्रशासन भवन, ८ वा मजला, मादाम कामा मार्ग, हुतात्मा राजगुरु चौक, मंत्राल"
"299","Main Course",NULL,NULL,NULL,"0","1","1","2023-09-27 05:13:39","2024-02-27 13:42:07","67","विभाग नवीन"
"300","Deserts",NULL,NULL,NULL,"0","1","1","2023-09-27 05:13:51","2024-02-27 13:42:07","67","मादाम कामा मार्ग"
"301","Test",NULL,NULL,NULL,"0","1","1","2024-02-21 09:20:53","2024-02-27 13:42:07","67",NULL
"302","Soups",NULL,NULL,NULL,"0","1","0","2023-09-27 05:13:31","2024-02-27 13:42:31","68","मराठी भाषा विभाग नवीन प्रशासन भवन, ८ वा मजला, मादाम कामा मार्ग, हुतात्मा राजगुरु चौक, मंत्राल"
"303","Main Course",NULL,NULL,NULL,"0","1","0","2023-09-27 05:13:39","2024-02-27 13:42:31","68","विभाग नवीन"
"304","Deserts",NULL,NULL,NULL,"0","1","0","2023-09-27 05:13:51","2024-02-27 13:42:31","68","मादाम कामा मार्ग"
"305","Test",NULL,NULL,NULL,"0","1","0","2024-02-21 09:20:53","2024-02-27 13:42:31","68",NULL
"306","Soups",NULL,NULL,NULL,"0","1","1","2023-09-27 05:13:31","2024-02-27 13:42:31","68","मराठी भाषा विभाग नवीन प्रशासन भवन, ८ वा मजला, मादाम कामा मार्ग, हुतात्मा राजगुरु चौक, मंत्राल"
"307","Main Course",NULL,NULL,NULL,"0","1","1","2023-09-27 05:13:39","2024-02-27 13:42:31","68","विभाग नवीन"
"308","Deserts",NULL,NULL,NULL,"0","1","1","2023-09-27 05:13:51","2024-02-27 13:42:31","68","मादाम कामा मार्ग"
"309","Test",NULL,NULL,NULL,"0","1","1","2024-02-21 09:20:53","2024-02-27 13:42:31","68",NULL
"310","Destaques",NULL,NULL,NULL,"0","1","0","2024-02-27 22:23:16","2024-03-04 20:15:57","69","Highlights"
"311","Petiscos",NULL,NULL,NULL,"1","1","0","2024-02-27 22:23:23","2024-03-04 20:17:37","69","Snacks"
"312","Menu principal",NULL,NULL,NULL,"2","1","0","2024-02-27 22:23:31","2024-03-04 23:21:48","69","Main menu"
"313","Bebidas",NULL,NULL,NULL,"4","1","0","2024-02-27 22:23:52","2024-03-04 20:32:48","69","Drinks"
"314","Sobremesa",NULL,NULL,NULL,"3","1","0","2024-02-27 22:48:19","2024-03-06 00:06:27","69","Dessert"
"315","Soups",NULL,NULL,NULL,"0","1","0","2023-09-27 05:13:31","2024-02-28 10:38:25","70","मराठी भाषा विभाग नवीन प्रशासन भवन, ८ वा मजला, मादाम कामा मार्ग, हुतात्मा राजगुरु चौक, मंत्राल"
"316","Main Course",NULL,NULL,NULL,"0","1","0","2023-09-27 05:13:39","2024-02-28 10:38:25","70","विभाग नवीन"
"317","Deserts",NULL,NULL,NULL,"0","1","0","2023-09-27 05:13:51","2024-02-28 10:38:25","70","मादाम कामा मार्ग"
"318","Test",NULL,NULL,NULL,"0","1","0","2024-02-21 09:20:53","2024-02-28 10:38:25","70",NULL
"319","Soups",NULL,NULL,NULL,"0","1","1","2023-09-27 05:13:31","2024-02-28 10:38:25","70","मराठी भाषा विभाग नवीन प्रशासन भवन, ८ वा मजला, मादाम कामा मार्ग, हुतात्मा राजगुरु चौक, मंत्राल"
"320","Main Course",NULL,NULL,NULL,"0","1","1","2023-09-27 05:13:39","2024-02-28 10:38:25","70","विभाग नवीन"
"321","Deserts",NULL,NULL,NULL,"0","1","1","2023-09-27 05:13:51","2024-02-28 10:38:25","70","मादाम कामा मार्ग"
"322","Test",NULL,NULL,NULL,"0","1","1","2024-02-21 09:20:53","2024-02-28 10:38:25","70",NULL
"323","Vinhos",NULL,NULL,NULL,"2","1","0","2024-03-01 22:14:19","2024-03-01 22:14:25","33",NULL
"324","Sushi e Pokes",NULL,NULL,NULL,"0","1","0","2024-02-06 13:30:53","2024-03-05 17:29:10","73",NULL
"325","Bebidas",NULL,NULL,NULL,"0","1","0","2024-02-10 19:50:02","2024-03-05 17:29:11","73",NULL
"326","RESTAURANTE .COME  |  EMENTA",NULL,NULL,NULL,"0","1","0","2024-03-05 20:25:55","2024-03-05 20:25:55","72",NULL
"327","Vinhos",NULL,NULL,NULL,"0","1","0","2024-03-05 20:30:59","2024-03-09 00:37:17","31","Wine"
"328","sobremesas",NULL,NULL,NULL,"5","1","1","2024-03-06 00:06:52","2024-03-06 00:07:22","69",NULL
"329","Sobremesas",NULL,NULL,NULL,"0","1","0","2024-03-06 14:54:31","2024-03-06 14:58:17","24",NULL
"330","TEst2",NULL,NULL,NULL,"0","1","0","2024-03-06 17:44:43","2024-03-06 18:02:44","3","test2"
"331","tee1",NULL,NULL,NULL,"0","1","0","2024-03-06 18:09:48","2024-03-06 18:14:02","3","test"
"332","teee",NULL,NULL,NULL,"0","1","0","2024-03-06 18:17:26","2024-03-06 18:17:43","3","ttt"
"333","yyrrr",NULL,NULL,NULL,"0","1","0","2024-03-06 18:31:19","2024-03-08 05:17:16","3","rrrr"
"334","new item refresh",NULL,NULL,NULL,"0","1","0","2024-03-06 18:39:54","2024-03-06 18:55:47","3","rrrr tt"
"335","RESTAURANTE .COME   |   EMENTA",NULL,NULL,NULL,"1","1","0","2023-12-30 21:44:29","2024-03-06 20:32:51","74",NULL
"336","Sobremesas",NULL,NULL,NULL,"2","0","0","2024-01-05 21:39:11","2024-03-06 20:33:41","74",NULL
"337","Sugestão do Dia",NULL,NULL,NULL,"0","0","1","2024-02-22 10:13:54","2024-03-06 20:32:52","74",NULL
"338","ementa",NULL,NULL,NULL,"0","1","0","2024-03-06 22:51:33","2024-03-15 21:38:21","18",NULL
"339","Sopas",NULL,NULL,NULL,"1","1","0","2024-03-07 19:20:32","2024-03-21 18:34:08","75","Soup"
"340","Partilha entre Gandins",NULL,NULL,NULL,"3","1","0","2024-03-07 19:25:13","2024-04-05 12:41:44","75","Sharing Between Gandins"
"341","Cortes à Gandim ",NULL,NULL,NULL,"4","1","0","2024-03-07 19:42:16","2024-04-05 12:41:59","75","Gandim Cuts"
"342","Peixes Vagabundos ",NULL,NULL,NULL,"5","1","0","2024-03-07 19:45:20","2024-04-05 12:42:40","75","Vagrant fish"
"343","Biogandim ",NULL,NULL,NULL,"6","1","0","2024-03-07 19:49:01","2024-04-05 12:44:58","75","BioGandim"
"344","Abaladiça à Gandim ",NULL,NULL,NULL,"7","1","0","2024-03-07 19:50:49","2024-04-05 12:46:15","75","Desserts"
"345","Bebidas ",NULL,NULL,NULL,"8","1","0","2024-03-07 20:19:01","2024-03-21 18:26:36","75",NULL
"346","Couvert",NULL,NULL,NULL,"0","1","0","2024-03-07 20:30:01","2024-03-21 18:35:33","75","Starters"
"347","Teeegg1",NULL,NULL,NULL,"0","1","0","2024-03-08 05:19:15","2024-03-08 11:00:10","3","iiiiiii"
"348","tezt22",NULL,NULL,NULL,"0","1","0","2024-03-08 08:33:24","2024-03-08 08:33:24","3",NULL
"349","new cat1",NULL,NULL,NULL,"0","1","0","2024-03-08 11:48:01","2024-03-08 12:01:28","3","Tesr1"
"350","nnnn1",NULL,NULL,NULL,"0","1","0","2024-03-08 12:01:55","2024-03-08 12:05:22","3","trrr"
"351","Noodles",NULL,NULL,NULL,"0","1","0","2024-03-12 10:58:12","2024-03-12 10:58:12","76",NULL
"352","Pratos vegetarianos",NULL,NULL,NULL,"3","1","0","2024-03-13 18:20:23","2024-03-14 14:18:15","21","Vegetarian dishes"
"353","Legumes",NULL,NULL,NULL,"4","1","0","2024-03-13 18:23:01","2024-03-14 14:03:39","21","Veggies"
"354","Saladas",NULL,NULL,NULL,"5","1","0","2024-03-13 18:26:44","2024-03-14 14:05:38","21","Salads"
"355","Sopas",NULL,NULL,NULL,"6","1","0","2024-03-13 18:37:52","2024-03-14 14:06:00","21","Soups"
"356","Ovos",NULL,NULL,NULL,"9","1","0","2024-03-13 18:54:53","2024-03-14 14:16:24","21","Eggs"
"357","TINTOS",NULL,NULL,NULL,"0","1","0","2024-03-16 22:43:19","2024-03-16 22:43:19","77",NULL
"358","BRANCOS",NULL,NULL,NULL,"0","1","0","2024-03-17 13:29:32","2024-03-17 13:29:32","77",NULL
"359","VERDES",NULL,NULL,NULL,"0","1","0","2024-03-17 13:41:30","2024-03-17 13:41:30","77",NULL
"360","SANGRIAS, ROSÉS, FRISANTES E ESPUMANTE",NULL,NULL,NULL,"0","1","0","2024-03-17 13:43:45","2024-03-17 13:43:45","77",NULL
"361","SOBREMESAS",NULL,NULL,NULL,"2","1","0","2024-03-17 13:56:08","2024-03-20 17:36:32","78",NULL
"362","ENTRADAS",NULL,NULL,NULL,"0","1","0","2024-03-17 13:56:52","2024-03-20 17:36:32","78",NULL
"363","Comida",NULL,NULL,NULL,"0","1","1","2023-10-09 14:45:08","2024-04-05 12:24:33","80","Food"
"364","Sushi ",NULL,NULL,NULL,"0","1","1","2023-10-10 10:47:43","2024-03-20 14:14:52","81","Sushi"
"365","Sobremesas",NULL,NULL,NULL,"3","1","1","2023-10-10 11:14:25","2024-03-20 14:15:00","81","Desserts"
"366","Massas Japonesas",NULL,NULL,NULL,"2","1","1","2023-10-17 08:03:05","2024-03-20 14:15:12","81","Japanese Noodles"
"367","Sushi Sets",NULL,NULL,NULL,"1","1","1","2023-10-17 08:29:04","2024-03-20 14:14:56","81","Sushi Sets"
"368","Especialiadades",NULL,NULL,NULL,"4","1","1","2023-11-27 22:47:21","2024-03-18 13:52:22","81","Specialties"
"369","Faça a sua poke",NULL,NULL,NULL,"5","1","1","2023-12-07 16:40:49","2024-03-20 14:15:04","81",NULL
"370","ENTRADAS | APPETIZERS",NULL,NULL,NULL,"0","1","0","2024-03-19 14:46:24","2024-03-19 15:00:52","82",NULL
"371","Sobremesas",NULL,NULL,NULL,"2","1","0","2024-03-19 14:46:54","2024-03-19 15:00:52","82",NULL
"372","PARA COMEÇAR",NULL,NULL,NULL,"1","1","0","2024-03-19 14:55:44","2024-03-20 15:38:14","83",NULL
"373","SALADAS | SALAD",NULL,NULL,NULL,"1","1","0","2024-03-19 15:00:40","2024-03-19 15:00:52","82",NULL
"374","ENTRADAS | APPETIZERS",NULL,NULL,NULL,"0","1","0","2024-03-19 14:46:24","2024-03-19 15:12:57","84",NULL
"375","Sobremesas",NULL,NULL,NULL,"2","1","0","2024-03-19 14:46:54","2024-03-19 15:12:57","84",NULL
"376","SALADAS | SALAD",NULL,NULL,NULL,"1","1","0","2024-03-19 15:00:40","2024-03-19 15:12:57","84",NULL
"377","RECOMENDADO",NULL,NULL,NULL,"2","1","0","2024-03-19 15:29:29","2024-03-20 15:38:14","83",NULL
"378","ACOMPANHAMENTOS",NULL,NULL,NULL,"3","1","0","2024-03-19 15:56:38","2024-03-20 15:38:14","83",NULL
"379","SUSHI",NULL,NULL,NULL,"5","1","0","2024-03-19 16:35:21","2024-03-20 15:38:14","83",NULL
"380","Petiscos",NULL,NULL,NULL,"0","1","0","2024-03-19 23:38:54","2024-04-25 21:45:02","85","Snacks"
"381","Caldos",NULL,NULL,NULL,"0","1","0","2024-03-19 23:38:59","2024-03-19 23:38:59","85",NULL
"382","Pastel de vento",NULL,NULL,NULL,"0","1","0","2024-03-19 23:39:10","2024-04-25 21:47:42","85","Pastry"
"383","Refeições (grelhados)",NULL,NULL,NULL,"0","1","0","2024-03-19 23:39:24","2024-04-25 21:48:34","85","Meals (grilled)"
"384","Pizzas e Rodízio",NULL,NULL,NULL,"0","1","0","2024-03-19 23:40:40","2024-04-25 21:50:41","85","Pizzas and All you can eat"
"385","Bebidas",NULL,NULL,NULL,"0","1","0","2024-03-19 23:43:02","2024-03-19 23:43:02","85",NULL
"386","aaaa",NULL,NULL,NULL,"0","1","1","2024-03-20 06:27:05","2024-03-28 10:05:03","86",NULL
"387","SOBREMESA",NULL,NULL,NULL,"6","1","0","2024-03-20 10:08:46","2024-03-20 15:38:14","83",NULL
"388","CERVEJAS E SIDRAS",NULL,NULL,NULL,"2","1","0","2024-03-20 15:09:05","2024-03-20 17:24:41","79",NULL
"389","REFRIGERANTES",NULL,NULL,NULL,"3","1","0","2024-03-20 15:13:36","2024-03-20 17:24:41","79",NULL
"390","PRATOS",NULL,NULL,NULL,"4","1","0","2024-03-20 15:29:36","2024-03-20 15:38:14","83",NULL
"391","MENU DE ALMOÇO",NULL,NULL,NULL,"0","1","0","2024-03-20 15:38:09","2024-03-20 15:58:14","83",NULL
"392","ENTRADAS",NULL,NULL,NULL,"0","1","0","2024-03-20 16:12:55","2024-03-22 16:22:58","87",NULL
"393","SASHIMI - USUZUKURI - TATAKI",NULL,NULL,NULL,"0","1","0","2024-03-20 16:13:19","2024-03-20 16:13:19","87",NULL
"394","NIGIRI - GUNKAN - TEMAKI",NULL,NULL,NULL,"0","1","0","2024-03-20 16:13:54","2024-03-20 16:13:54","87",NULL
"395","MAKI",NULL,NULL,NULL,"0","1","0","2024-03-20 16:14:09","2024-03-20 16:14:09","87",NULL
"396","SUSHI & SASHIMI",NULL,NULL,NULL,"0","1","0","2024-03-20 16:14:33","2024-03-20 16:14:33","87",NULL
"397","TEMPURA",NULL,NULL,NULL,"0","1","0","2024-03-20 16:14:44","2024-03-20 16:14:44","87",NULL
"398","COZINHA",NULL,NULL,NULL,"0","1","0","2024-03-20 16:15:01","2024-03-20 16:15:01","87",NULL
"399","SOBREMESA",NULL,NULL,NULL,"0","1","0","2024-03-20 16:15:09","2024-03-20 16:15:09","87",NULL
"400","CAFETARIA",NULL,NULL,NULL,"0","1","0","2024-03-20 17:16:37","2024-03-20 17:24:41","79",NULL
"401","ÁGUAS E SUMOS",NULL,NULL,NULL,"1","1","0","2024-03-20 17:19:49","2024-03-20 17:24:41","79",NULL
"402","ESPIRITUOSOS",NULL,NULL,NULL,"4","1","0","2024-03-20 17:24:54","2024-03-20 17:33:15","79",NULL
"403","ACOMPANHAMENTOS",NULL,NULL,NULL,"1","1","0","2024-03-20 17:35:16","2024-03-20 17:36:32","78",NULL
"404","Pratos da semana (Almoço)",NULL,NULL,NULL,"2","0","1","2024-03-21 18:26:28","2024-03-21 18:28:54","75",NULL
"405","ENTRADAS",NULL,NULL,NULL,"1","1","0","2024-03-20 16:12:55","2024-03-25 16:13:29","88",NULL
"406","SASHIMI - USUZUKURI - TATAKI",NULL,NULL,NULL,"2","1","0","2024-03-20 16:13:19","2024-03-25 16:13:29","88",NULL
"407","NIGIRI - GUNKAN - TEMAKI",NULL,NULL,NULL,"3","1","0","2024-03-20 16:13:54","2024-03-25 16:13:29","88",NULL
"408","MAKI",NULL,NULL,NULL,"4","1","0","2024-03-20 16:14:09","2024-03-25 16:13:29","88",NULL
"409","SUSHI & SASHIMI",NULL,NULL,NULL,"5","1","0","2024-03-20 16:14:33","2024-03-25 16:13:29","88",NULL
"410","TEMPURA",NULL,NULL,NULL,"0","1","1","2024-03-20 16:14:44","2024-03-25 16:06:10","88",NULL
"411","COZINHA",NULL,NULL,NULL,"6","1","0","2024-03-20 16:15:01","2024-03-25 16:13:29","88",NULL
"412","SOBREMESA",NULL,NULL,NULL,"7","1","0","2024-03-20 16:15:09","2024-03-25 16:13:29","88",NULL
"413","MENU ALMOÇO | 2ª - 6ª",NULL,NULL,NULL,"0","1","0","2024-03-25 16:13:24","2024-03-25 18:15:35","88",NULL
"414","Soups",NULL,NULL,NULL,"0","1","0","2023-09-27 05:13:31","2024-03-27 18:05:26","89","Soups"
"415","Main Course",NULL,NULL,NULL,"0","1","0","2023-09-27 05:13:39","2024-03-27 18:05:26","89","Test"
"416","Deserts",NULL,NULL,NULL,"0","1","0","2023-09-27 05:13:51","2024-03-27 18:05:26","89","मादाम कामा मार्ग"
"417","Test",NULL,NULL,NULL,"0","1","0","2024-02-21 09:20:53","2024-03-27 18:05:26","89","test"
"418","Soups",NULL,NULL,NULL,"0","1","1","2023-09-27 05:13:31","2024-03-27 18:05:26","89","मराठी भाषा विभाग नवीन प्रशासन भवन, ८ वा मजला, मादाम कामा मार्ग, हुतात्मा राजगुरु चौक, मंत्राल"
"419","Main Course",NULL,NULL,NULL,"0","1","1","2023-09-27 05:13:39","2024-03-27 18:05:26","89","विभाग नवीन"
"420","Deserts",NULL,NULL,NULL,"0","1","1","2023-09-27 05:13:51","2024-03-27 18:05:26","89","मादाम कामा मार्ग"
"421","Test",NULL,NULL,NULL,"0","1","1","2024-02-21 09:20:53","2024-03-27 18:05:26","89",NULL
"422","TEst2",NULL,NULL,NULL,"0","1","0","2024-03-06 17:44:43","2024-03-27 18:05:26","89","test2"
"423","tee1",NULL,NULL,NULL,"0","1","0","2024-03-06 18:09:48","2024-03-27 18:05:26","89","test"
"424","teee",NULL,NULL,NULL,"0","1","0","2024-03-06 18:17:26","2024-03-27 18:05:26","89","ttt"
"425","yyrrr",NULL,NULL,NULL,"0","1","0","2024-03-06 18:31:19","2024-03-27 18:05:26","89","rrrr"
"426","new item refresh",NULL,NULL,NULL,"0","1","0","2024-03-06 18:39:54","2024-03-27 18:05:26","89","rrrr tt"
"427","Teeegg1",NULL,NULL,NULL,"0","1","0","2024-03-08 05:19:15","2024-03-27 18:05:26","89","iiiiiii"
"428","tezt22",NULL,NULL,NULL,"0","1","0","2024-03-08 08:33:24","2024-03-27 18:05:26","89",NULL
"429","new cat1",NULL,NULL,NULL,"0","1","0","2024-03-08 11:48:01","2024-03-27 18:05:26","89","Tesr1"
"430","nnnn1",NULL,NULL,NULL,"0","1","0","2024-03-08 12:01:55","2024-03-27 18:05:26","89","trrr"
"431","Sopa",NULL,NULL,NULL,NULL,"1","0","2024-03-28 09:57:16","2024-03-28 09:57:16","3","Soup"
"432","Arroz",NULL,NULL,NULL,NULL,"1","0","2024-03-28 09:57:16","2024-03-28 09:57:16","3","Rice"
"433","Pão",NULL,NULL,NULL,NULL,"1","0","2024-03-28 09:57:16","2024-03-28 09:57:16","3","Bread"
"434","Polvo à Lagareiro",NULL,NULL,NULL,NULL,"1","0","2024-03-28 09:57:16","2024-03-28 09:57:16","3","Octopus in Lagareiro"
"435","café",NULL,NULL,NULL,NULL,"1","0","2024-03-28 09:57:16","2024-03-28 09:57:16","3","coffee"
"436","Sopa",NULL,NULL,NULL,NULL,"1","0","2024-03-28 10:02:51","2024-03-28 10:02:51","3","Soup"
"437","Arroz",NULL,NULL,NULL,NULL,"1","0","2024-03-28 10:02:51","2024-03-28 10:02:51","3","Rice"
"438","Pão",NULL,NULL,NULL,NULL,"1","0","2024-03-28 10:02:51","2024-03-28 10:02:51","3","Bread"
"439","Polvo à Lagareiro",NULL,NULL,NULL,NULL,"1","0","2024-03-28 10:02:51","2024-03-28 10:02:51","3","Octopus in Lagareiro"
"440","café",NULL,NULL,NULL,NULL,"1","0","2024-03-28 10:02:51","2024-03-28 10:02:51","3","coffee"
"441","Sopa",NULL,NULL,NULL,NULL,"1","0","2024-03-28 10:05:16","2024-03-28 10:05:16","86","Soup"
"442","Arroz",NULL,NULL,NULL,NULL,"1","0","2024-03-28 10:05:16","2024-03-28 10:05:16","86","Rice"
"443","Pão",NULL,NULL,NULL,NULL,"1","0","2024-03-28 10:05:16","2024-03-28 10:05:16","86","Bread"
"444","Polvo à Lagareiro",NULL,NULL,NULL,NULL,"1","0","2024-03-28 10:05:16","2024-03-28 10:05:16","86","Octopus in Lagareiro"
"445","café",NULL,NULL,NULL,NULL,"1","0","2024-03-28 10:05:16","2024-03-28 10:05:16","86","coffee"
"446","Sopa",NULL,NULL,NULL,NULL,"1","0","2024-03-28 10:11:50","2024-03-28 10:11:50","86","Soup"
"447","Arroz",NULL,NULL,NULL,NULL,"1","0","2024-03-28 10:11:50","2024-03-28 10:11:50","86","Rice"
"448","Pão",NULL,NULL,NULL,NULL,"1","0","2024-03-28 10:11:50","2024-03-28 10:11:50","86","Bread"
"449","Polvo à Lagareiro",NULL,NULL,NULL,NULL,"1","0","2024-03-28 10:11:50","2024-03-28 10:11:50","86","Octopus in Lagareiro"
"450","café",NULL,NULL,NULL,NULL,"1","0","2024-03-28 10:11:50","2024-03-28 10:11:50","86","coffee"
"451","Sopa",NULL,NULL,NULL,NULL,"1","0","2024-03-28 10:16:45","2024-03-28 10:16:45","86","Soup"
"452","Arroz",NULL,NULL,NULL,NULL,"1","0","2024-03-28 10:16:45","2024-03-28 10:16:45","86","Rice"
"453","Pão",NULL,NULL,NULL,NULL,"1","0","2024-03-28 10:16:45","2024-03-28 10:16:45","86","Bread"
"454","Polvo à Lagareiro",NULL,NULL,NULL,NULL,"1","0","2024-03-28 10:16:45","2024-03-28 10:16:45","86","Octopus in Lagareiro"
"455","café",NULL,NULL,NULL,NULL,"1","0","2024-03-28 10:16:45","2024-03-28 10:16:45","86","coffee"
"456","Sopa",NULL,NULL,NULL,NULL,"1","0","2024-03-28 10:17:24","2024-03-28 10:17:24","86","Soup"
"457","Arroz",NULL,NULL,NULL,NULL,"1","0","2024-03-28 10:17:24","2024-03-28 10:17:24","86","Rice"
"458","Pão",NULL,NULL,NULL,NULL,"1","0","2024-03-28 10:17:24","2024-03-28 10:17:24","86","Bread"
"459","Polvo à Lagareiro",NULL,NULL,NULL,NULL,"1","0","2024-03-28 10:17:24","2024-03-28 10:17:24","86","Octopus in Lagareiro"
"460","café",NULL,NULL,NULL,NULL,"1","0","2024-03-28 10:17:24","2024-03-28 10:17:24","86","coffee"
"461","Sopa",NULL,NULL,NULL,NULL,"1","0","2024-03-28 10:23:57","2024-03-28 10:23:57","86","Soup"
"462","Arroz",NULL,NULL,NULL,NULL,"1","0","2024-03-28 10:23:57","2024-03-28 10:23:57","86","Rice"
"463","Pão",NULL,NULL,NULL,NULL,"1","0","2024-03-28 10:23:57","2024-03-28 10:23:57","86","Bread"
"464","Polvo à Lagareiro",NULL,NULL,NULL,NULL,"1","0","2024-03-28 10:23:57","2024-03-28 10:23:57","86","Octopus in Lagareiro"
"465","café",NULL,NULL,NULL,NULL,"1","0","2024-03-28 10:23:57","2024-03-28 10:23:57","86","coffee"
"466","Sopa",NULL,NULL,NULL,NULL,"1","0","2024-03-28 10:48:46","2024-03-28 10:48:46","86","Soup"
"467","Arroz",NULL,NULL,NULL,NULL,"1","0","2024-03-28 10:48:46","2024-03-28 10:48:46","86","Rice"
"468","Pão",NULL,NULL,NULL,NULL,"1","0","2024-03-28 10:48:46","2024-03-28 10:48:46","86","Bread"
"469","Polvo à Lagareiro",NULL,NULL,NULL,NULL,"1","0","2024-03-28 10:48:46","2024-03-28 10:48:46","86","Octopus in Lagareiro"
"470","café",NULL,NULL,NULL,NULL,"1","0","2024-03-28 10:48:46","2024-03-28 10:48:46","86","coffee"
"471","Sopa",NULL,NULL,NULL,NULL,"1","0","2024-03-28 11:44:07","2024-03-28 11:44:07","86","Soup"
"472","Arroz",NULL,NULL,NULL,NULL,"1","0","2024-03-28 11:44:07","2024-03-28 11:44:07","86","Rice"
"473","Pão",NULL,NULL,NULL,NULL,"1","0","2024-03-28 11:44:07","2024-03-28 11:44:07","86","Bread"
"474","Polvo à Lagareiro",NULL,NULL,NULL,NULL,"1","0","2024-03-28 11:44:07","2024-03-28 11:44:07","86","Octopus in Lagareiro"
"475","café",NULL,NULL,NULL,NULL,"1","0","2024-03-28 11:44:07","2024-03-28 11:44:07","86","coffee"
"476","Sopa",NULL,NULL,NULL,NULL,"1","0","2024-03-28 12:49:51","2024-03-28 12:49:51","3","Soup"
"477","Arroz",NULL,NULL,NULL,NULL,"1","0","2024-03-28 12:49:51","2024-03-28 12:49:51","3","Rice"
"478","Pão",NULL,NULL,NULL,NULL,"1","0","2024-03-28 12:49:51","2024-03-28 12:49:51","3","Bread"
"479","Polvo à Lagareiro",NULL,NULL,NULL,NULL,"1","0","2024-03-28 12:49:51","2024-03-28 12:49:51","3","Octopus in Lagareiro"
"480","café",NULL,NULL,NULL,NULL,"1","0","2024-03-28 12:49:51","2024-03-28 12:49:51","3","coffee"
"481","Sopa",NULL,NULL,NULL,NULL,"1","1","2024-03-28 13:29:55","2024-03-29 05:32:46","90","Soup"
"482","Arroz",NULL,NULL,NULL,NULL,"1","1","2024-03-28 13:29:55","2024-03-29 05:32:51","90","Rice"
"483","Pão",NULL,NULL,NULL,NULL,"1","1","2024-03-28 13:29:55","2024-03-29 05:32:55","90","Bread"
"484","Polvo à Lagareiro",NULL,NULL,NULL,NULL,"1","1","2024-03-28 13:29:55","2024-03-29 05:33:01","90","Octopus in Lagareiro"
"485","café",NULL,NULL,NULL,NULL,"1","1","2024-03-28 13:29:55","2024-03-29 05:33:06","90","coffee"
"486","Sopa",NULL,NULL,NULL,NULL,"1","0","2024-03-28 17:21:20","2024-03-28 17:21:20","86","Soup"
"487","Arroz",NULL,NULL,NULL,NULL,"1","0","2024-03-28 17:21:20","2024-03-28 17:21:20","86","Rice"
"488","Pão",NULL,NULL,NULL,NULL,"1","0","2024-03-28 17:21:20","2024-03-28 17:21:20","86","Bread"
"489","Polvo à Lagareiro",NULL,NULL,NULL,NULL,"1","0","2024-03-28 17:21:20","2024-03-28 17:21:20","86","Octopus in Lagareiro"
"490","café",NULL,NULL,NULL,NULL,"1","0","2024-03-28 17:21:20","2024-03-28 17:21:20","86","coffee"
"495","Sopa",NULL,NULL,NULL,NULL,"1","0","2024-03-28 18:31:49","2024-03-28 18:31:49","35","Soup"
"496","Arroz",NULL,NULL,NULL,NULL,"1","0","2024-03-28 18:31:49","2024-03-28 18:31:49","35","Rice"
"497","Pão",NULL,NULL,NULL,NULL,"1","0","2024-03-28 18:31:49","2024-03-28 18:31:49","35","Bread"
"498","Polvo à Lagareiro",NULL,NULL,NULL,NULL,"1","0","2024-03-28 18:31:49","2024-03-28 18:31:49","35","Octopus in Lagareiro"
"499","café",NULL,NULL,NULL,NULL,"1","0","2024-03-28 18:31:49","2024-03-28 18:31:49","35","coffee"
"500","Caldos - MaV",NULL,NULL,NULL,"0","1","0","2024-03-28 18:44:47","2024-03-28 18:44:47","85",NULL
"501","Petiscos - MaV",NULL,NULL,NULL,"0","1","0","2024-03-28 18:44:58","2024-03-28 18:44:58","85",NULL
"502","Bebidas - MaV",NULL,NULL,NULL,"0","1","0","2024-03-28 18:45:09","2024-03-28 18:45:09","85",NULL
"503","Garrafas - MaV",NULL,NULL,NULL,"0","1","0","2024-03-28 18:45:19","2024-03-28 18:45:19","85",NULL
"504","Sopa",NULL,NULL,NULL,NULL,"1","0","2024-03-28 18:52:55","2024-03-28 18:52:55","36","Soup"
"505","Arroz",NULL,NULL,NULL,NULL,"1","0","2024-03-28 18:52:55","2024-03-28 18:52:55","36","Rice"
"506","Pão",NULL,NULL,NULL,NULL,"1","0","2024-03-28 18:52:55","2024-03-28 18:52:55","36","Bread"
"507","Polvo à Lagareiro",NULL,NULL,NULL,NULL,"1","0","2024-03-28 18:52:55","2024-03-28 18:52:55","36","Octopus in Lagareiro"
"508","café",NULL,NULL,NULL,NULL,"1","0","2024-03-28 18:52:56","2024-03-28 18:52:56","36","coffee"
"509","Sopa",NULL,NULL,NULL,NULL,"1","0","2024-03-28 19:05:12","2024-03-28 19:05:12","19","Soup"
"510","Arroz",NULL,NULL,NULL,NULL,"1","0","2024-03-28 19:05:12","2024-03-28 19:05:12","19","Rice"
"511","Pão",NULL,NULL,NULL,NULL,"1","0","2024-03-28 19:05:12","2024-03-28 19:05:12","19","Bread"
"512","Polvo à Lagareiro",NULL,NULL,NULL,NULL,"1","0","2024-03-28 19:05:12","2024-03-28 19:05:12","19","Octopus in Lagareiro"
"513","café",NULL,NULL,NULL,NULL,"1","0","2024-03-28 19:05:12","2024-03-28 19:05:12","19","coffee"
"514","Sopa",NULL,NULL,NULL,NULL,"1","1","2024-03-29 05:59:05","2024-03-29 06:16:02","91","Soup"
"515","Arroz",NULL,NULL,NULL,NULL,"1","1","2024-03-29 05:59:05","2024-03-29 06:16:05","91","Rice"
"516","Pão",NULL,NULL,NULL,NULL,"1","1","2024-03-29 05:59:05","2024-03-29 06:16:08","91","Bread"
"517","Polvo à Lagareiro",NULL,NULL,NULL,NULL,"1","1","2024-03-29 05:59:05","2024-03-29 06:16:11","91","Octopus in Lagareiro"
"518","café",NULL,NULL,NULL,NULL,"1","1","2024-03-29 05:59:05","2024-03-29 06:16:14","91","coffee"
"519","Sopa",NULL,NULL,NULL,NULL,"1","1","2024-03-29 06:23:40","2024-03-29 09:44:25","91","Soup"
"520","Arroz",NULL,NULL,NULL,NULL,"1","1","2024-03-29 06:23:40","2024-03-29 09:44:29","91","Rice"
"521","Pão",NULL,NULL,NULL,NULL,"1","1","2024-03-29 06:23:41","2024-03-29 09:44:33","91","Bread"
"522","Polvo à Lagareiro",NULL,NULL,NULL,NULL,"1","1","2024-03-29 06:23:41","2024-03-29 09:44:37","91","Octopus in Lagareiro"
"523","café",NULL,NULL,NULL,NULL,"1","1","2024-03-29 06:23:41","2024-03-29 09:44:41","91","coffee"
"524","Sopa",NULL,NULL,NULL,NULL,"1","1","2024-03-29 08:10:29","2024-03-29 08:11:14","92","Soup"
"525","Arroz",NULL,NULL,NULL,NULL,"1","1","2024-03-29 08:10:29","2024-03-29 08:11:19","92","Rice"
"526","Pão",NULL,NULL,NULL,NULL,"1","1","2024-03-29 08:10:29","2024-03-29 08:11:23","92","Bread"
"527","Polvo à Lagareiro",NULL,NULL,NULL,NULL,"1","1","2024-03-29 08:10:29","2024-03-29 08:11:28","92","Octopus in Lagareiro"
"528","café",NULL,NULL,NULL,NULL,"1","1","2024-03-29 08:10:29","2024-03-29 08:11:33","92","coffee"
"529","Test sub cat validation",NULL,NULL,NULL,"0","1","0","2024-03-29 08:59:02","2024-03-29 08:59:42","3","test"
"530","Sopa",NULL,NULL,NULL,NULL,"1","1","2024-03-29 09:46:14","2024-04-05 11:27:21","91","Soup"
"531","Arroz",NULL,NULL,NULL,NULL,"1","1","2024-03-29 09:46:14","2024-04-05 11:27:24","91","Rice"
"532","Pão",NULL,NULL,NULL,NULL,"1","1","2024-03-29 09:46:14","2024-04-05 11:27:54","91","Bread"
"533","Polvo à Lagareiro",NULL,NULL,NULL,NULL,"1","1","2024-03-29 09:46:14","2024-04-05 11:27:57","91","Octopus in Lagareiro"
"534","café",NULL,NULL,NULL,NULL,"1","1","2024-03-29 09:46:14","2024-04-05 11:28:01","91","coffee"
"535","Sopa",NULL,NULL,NULL,NULL,"1","1","2024-03-30 14:56:47","2024-03-30 14:57:21","7","Soup"
"536","Arroz",NULL,NULL,NULL,NULL,"1","1","2024-03-30 14:56:47","2024-03-30 14:57:26","7","Rice"
"537","Pão",NULL,NULL,NULL,NULL,"1","1","2024-03-30 14:56:47","2024-03-30 14:57:29","7","Bread"
"538","Polvo à Lagareiro",NULL,NULL,NULL,NULL,"1","1","2024-03-30 14:56:47","2024-03-30 14:57:35","7","Octopus in Lagareiro"
"539","café",NULL,NULL,NULL,NULL,"1","1","2024-03-30 14:56:47","2024-03-30 14:57:39","7","coffee"
"540","Sopa",NULL,NULL,NULL,NULL,"1","1","2024-03-30 14:57:54","2024-03-30 14:59:59","7","Soup"
"541","Arroz",NULL,NULL,NULL,NULL,"1","1","2024-03-30 14:57:54","2024-03-30 14:59:55","7","Rice"
"542","Pão",NULL,NULL,NULL,NULL,"1","1","2024-03-30 14:57:54","2024-03-30 14:59:52","7","Bread"
"543","Polvo à Lagareiro",NULL,NULL,NULL,NULL,"1","1","2024-03-30 14:57:54","2024-03-30 14:59:49","7","Octopus in Lagareiro"
"544","café",NULL,NULL,NULL,NULL,"1","1","2024-03-30 14:57:54","2024-03-30 14:59:45","7","coffee"
"545","Sopa",NULL,NULL,NULL,NULL,"1","1","2024-03-30 15:00:27","2024-03-30 15:00:48","7","Soup"
"546","Arroz",NULL,NULL,NULL,NULL,"1","1","2024-03-30 15:00:27","2024-03-30 15:00:52","7","Rice"
"547","Pão",NULL,NULL,NULL,NULL,"1","1","2024-03-30 15:00:27","2024-03-30 15:00:59","7","Bread"
"548","Polvo à Lagareiro",NULL,NULL,NULL,NULL,"1","1","2024-03-30 15:00:27","2024-03-30 15:01:03","7","Octopus in Lagareiro"
"549","café",NULL,NULL,NULL,NULL,"1","1","2024-03-30 15:00:27","2024-03-30 15:01:06","7","coffee"
"550","Entradas",NULL,NULL,NULL,"1","1","1","2023-09-30 14:48:47","2024-04-05 11:15:38","93","Starters"
"551","Sobremesas",NULL,NULL,NULL,"3","1","1","2023-09-30 15:47:43","2024-04-05 11:15:54","93","Desserts"
"552","Pratos principais",NULL,NULL,NULL,"2","1","1","2023-09-30 21:18:20","2024-04-05 11:15:44","93","Main dishes"
"553","Bebidas",NULL,NULL,NULL,"4","1","1","2023-10-01 14:25:29","2024-04-05 11:15:51","93","Drinks and beverages"
"554","Pratos do dia",NULL,NULL,NULL,"0","1","1","2024-01-16 21:17:27","2024-03-30 15:59:43","93","Dish of the day"
"555","Pratos do dia",NULL,NULL,NULL,"1","0","1","2024-02-21 16:24:36","2024-03-30 15:59:43","93",NULL
"556","Menus de almoço",NULL,NULL,NULL,"0","1","1","2024-02-21 16:27:04","2024-04-05 11:15:35","93","Special offers"
"557","Sopa",NULL,NULL,NULL,NULL,"1","1","2024-04-03 08:22:19","2024-04-03 08:22:43","6","Soup"
"558","Arroz",NULL,NULL,NULL,NULL,"1","1","2024-04-03 08:22:19","2024-04-03 08:22:48","6","Rice"
"559","Pão",NULL,NULL,NULL,NULL,"1","1","2024-04-03 08:22:19","2024-04-03 08:22:52","6","Bread"
"560","Polvo à Lagareiro",NULL,NULL,NULL,NULL,"1","1","2024-04-03 08:22:19","2024-04-03 08:22:55","6","Octopus in Lagareiro"
"561","café",NULL,NULL,NULL,NULL,"1","1","2024-04-03 08:22:19","2024-04-03 08:23:00","6","coffee"
"562","Sopa",NULL,NULL,NULL,NULL,"1","1","2024-04-03 08:25:08","2024-04-25 09:49:09","6","Soup"
"563","Arroz",NULL,NULL,NULL,NULL,"1","1","2024-04-03 08:25:08","2024-04-25 09:49:13","6","Rice"
"564","Pão",NULL,NULL,NULL,NULL,"1","1","2024-04-03 08:25:08","2024-04-25 09:49:20","6","Bread"
"565","Polvo à Lagareiro",NULL,NULL,NULL,NULL,"1","1","2024-04-03 08:25:08","2024-04-25 09:49:17","6","Octopus in Lagareiro"
"566","café",NULL,NULL,NULL,NULL,"1","1","2024-04-03 08:25:08","2024-04-25 09:49:24","6","coffee"
"567","Menu CATOCA ",NULL,NULL,NULL,"0","1","0","2024-04-03 10:55:40","2024-04-03 10:55:40","94",NULL
"568","Pratos do Dia",NULL,NULL,NULL,"1","1","0","2024-04-03 19:13:35","2024-04-03 19:41:00","95",NULL
"569","Sopas",NULL,NULL,NULL,"0","1","0","2024-04-03 19:38:47","2024-04-03 19:47:02","95",NULL
"570"," ",NULL,NULL,NULL,"2","1","0","2024-04-03 19:41:06","2024-04-03 19:41:06","95",NULL
"571"," ",NULL,NULL,NULL,"5","1","1","2024-04-03 23:23:56","2024-04-03 23:24:03","4",NULL
"572","Sopa",NULL,NULL,NULL,NULL,"1","1","2024-04-04 10:36:55","2024-04-05 11:26:02","90","Soup"
"573","Arroz",NULL,NULL,NULL,NULL,"1","1","2024-04-04 10:36:56","2024-04-05 11:26:05","90","Rice"
"574","Pão",NULL,NULL,NULL,NULL,"1","1","2024-04-04 10:36:56","2024-04-05 11:26:08","90","Bread"
"575","Polvo à Lagareiro",NULL,NULL,NULL,NULL,"1","1","2024-04-04 10:36:56","2024-04-05 11:26:13","90","Octopus in Lagareiro"
"576","café",NULL,NULL,NULL,NULL,"1","1","2024-04-04 10:36:56","2024-04-05 11:26:16","90","coffee"
"577","Comida",NULL,NULL,NULL,NULL,"1","1","2024-04-04 10:36:56","2024-04-05 11:26:19","90","Food"
"578","Food",NULL,NULL,NULL,"0","1","1","2023-12-10 16:07:39","2024-04-04 10:45:53","96","Food"
"579","Drinks",NULL,NULL,NULL,"0","1","1","2023-12-10 16:07:53","2024-04-04 10:45:57","96","Drinks"
"580","Sopa",NULL,NULL,NULL,NULL,"1","1","2024-04-04 13:07:45","2024-04-04 13:08:53","7","Soup"
"581","Arroz",NULL,NULL,NULL,NULL,"1","1","2024-04-04 13:07:45","2024-04-04 13:08:50","7","Rice"
"582","Pão",NULL,NULL,NULL,NULL,"1","1","2024-04-04 13:07:45","2024-04-04 13:08:57","7","Bread"
"583","Polvo à Lagareiro",NULL,NULL,NULL,NULL,"1","1","2024-04-04 13:07:45","2024-04-04 13:08:46","7","Octopus in Lagareiro"
"584","café",NULL,NULL,NULL,NULL,"1","1","2024-04-04 13:07:45","2024-04-04 13:09:01","7","coffee"
"585","Comida",NULL,NULL,NULL,NULL,"1","1","2024-04-04 13:07:45","2024-04-04 13:08:43","7","Food"
"586","Pratos do dia",NULL,NULL,NULL,"1","0","1","2024-04-04 15:13:09","2024-04-04 15:42:20","29",NULL
"587","Entradas",NULL,NULL,NULL,"2","1","1","2024-04-04 15:13:16","2024-04-04 15:42:24","29",NULL
"588","Pratos principais",NULL,NULL,NULL,"3","1","1","2024-04-04 15:13:23","2024-04-04 15:42:28","29",NULL
"589","Sobremesas",NULL,NULL,NULL,"4","1","1","2024-04-04 15:13:30","2024-04-04 15:42:32","29","Dessert"
"590","Bebidas",NULL,NULL,NULL,"5","1","1","2024-04-04 15:13:34","2024-04-04 15:42:38","29",NULL
"591","Especiais Dia do Pai",NULL,NULL,NULL,"0","1","1","2024-04-04 15:26:08","2024-04-04 15:42:15","29",NULL
"592","Entradadas",NULL,NULL,NULL,"0","1","0","2024-04-04 19:02:59","2024-04-04 22:21:03","29",NULL
"593","Hambúrgueres ",NULL,NULL,NULL,"1","1","0","2024-04-04 19:03:27","2024-04-04 22:21:03","29",NULL
"594","Bowls",NULL,NULL,NULL,"2","1","0","2024-04-04 19:03:39","2024-04-04 22:21:03","29",NULL
"595","Torradas",NULL,NULL,NULL,"3","1","0","2024-04-04 19:03:57","2024-04-04 22:21:03","29",NULL
"596","Bowls de Frutas",NULL,NULL,NULL,"5","1","0","2024-04-04 19:04:21","2024-04-04 22:21:03","29",NULL
"597","Menu Criança",NULL,NULL,NULL,"4","1","0","2024-04-04 19:05:22","2024-04-04 22:21:03","29",NULL
"598","Panquecas",NULL,NULL,NULL,"6","1","0","2024-04-04 19:05:33","2024-04-04 22:21:03","29",NULL
"599","Sumos Naturais",NULL,NULL,NULL,"8","1","0","2024-04-04 19:06:56","2024-04-04 22:21:03","29",NULL
"600","Smothies",NULL,NULL,NULL,"9","1","0","2024-04-04 19:07:10","2024-04-04 22:21:03","29",NULL
"601","Cafetaria",NULL,NULL,NULL,"10","1","0","2024-04-04 19:07:30","2024-04-04 22:21:03","29",NULL
"602","Cafetaria Especial",NULL,NULL,NULL,"11","1","0","2024-04-04 19:07:54","2024-04-04 22:21:03","29",NULL
"603","Águas, chás e refrigerantes",NULL,NULL,NULL,"12","1","0","2024-04-04 19:08:44","2024-04-04 22:21:03","29",NULL
"604","Cocktails, sangria e companhia ",NULL,NULL,NULL,"13","1","0","2024-04-04 19:09:54","2024-04-04 22:21:03","29",NULL
"605","Sobremesas",NULL,NULL,NULL,"7","1","0","2024-04-04 22:20:10","2024-04-04 22:21:03","29",NULL
"606","Sopa",NULL,NULL,NULL,NULL,"1","0","2024-04-05 11:26:48","2024-04-05 11:26:48","90","Soup"
"607","Arroz",NULL,NULL,NULL,NULL,"1","0","2024-04-05 11:26:48","2024-04-05 11:26:48","90","Rice"
"608","Pão",NULL,NULL,NULL,NULL,"1","0","2024-04-05 11:26:48","2024-04-05 11:26:48","90","Bread"
"609","Polvo à Lagareiro",NULL,NULL,NULL,NULL,"1","0","2024-04-05 11:26:48","2024-04-05 11:26:48","90","Octopus in Lagareiro"
"610","café",NULL,NULL,NULL,NULL,"1","0","2024-04-05 11:26:48","2024-04-05 11:26:48","90","coffee"
"611","Comida",NULL,NULL,NULL,NULL,"1","0","2024-04-05 11:26:48","2024-04-05 11:26:48","90","Food"
"612","Sopa",NULL,NULL,NULL,NULL,"1","0","2024-04-05 11:28:38","2024-04-05 11:28:38","91","Soup"
"613","Arroz",NULL,NULL,NULL,NULL,"1","0","2024-04-05 11:28:38","2024-04-05 11:28:38","91","Rice"
"614","Pão",NULL,NULL,NULL,NULL,"1","0","2024-04-05 11:28:38","2024-04-05 11:28:38","91","Bread"
"615","Polvo à Lagareiro",NULL,NULL,NULL,NULL,"1","0","2024-04-05 11:28:38","2024-04-05 11:28:38","91","Octopus in Lagareiro"
"616","café",NULL,NULL,NULL,NULL,"1","0","2024-04-05 11:28:38","2024-04-05 11:28:38","91","coffee"
"617","Comida",NULL,NULL,NULL,NULL,"1","0","2024-04-05 11:28:38","2024-04-05 11:28:38","91","Food"
"618","Sopa",NULL,NULL,NULL,NULL,"1","1","2024-04-05 12:24:50","2024-04-05 12:32:31","80","Soup"
"619","Arroz",NULL,NULL,NULL,NULL,"1","1","2024-04-05 12:24:50","2024-04-05 12:32:35","80",NULL
"620","Pão",NULL,NULL,NULL,NULL,"1","1","2024-04-05 12:24:50","2024-04-05 12:32:39","80","Bread"
"621","Polvo à Lagareiro",NULL,NULL,NULL,NULL,"1","1","2024-04-05 12:24:50","2024-04-05 12:32:43","80","Octopus in Lagareiro"
"622","café",NULL,NULL,NULL,NULL,"1","1","2024-04-05 12:24:50","2024-04-05 12:32:47","80","coffee"
"623","Comida",NULL,NULL,NULL,NULL,"1","1","2024-04-05 12:24:50","2024-04-05 12:32:51","80","Food"
"624","Sopa",NULL,NULL,NULL,"0","1","0","2024-04-10 08:46:57","2024-04-27 10:58:14","93","Soup"
"625","Arroz",NULL,NULL,NULL,"2","1","0","2024-04-10 08:46:57","2024-04-27 10:58:14","93",NULL
"626","Pão",NULL,NULL,NULL,"3","1","0","2024-04-10 08:46:57","2024-04-27 10:58:14","93","Bread"
"627","Polvo à Lagareiro",NULL,NULL,NULL,"4","1","0","2024-04-10 08:46:57","2024-04-27 10:58:14","93","Octopus in Lagareiro"
"628","café",NULL,NULL,NULL,"5","1","0","2024-04-10 08:46:57","2024-04-27 10:58:14","93","coffee"
"629","Comida",NULL,NULL,NULL,"1","1","0","2024-04-10 08:46:57","2024-04-27 10:58:14","93","Food"
"630","Antojitos",NULL,NULL,NULL,"0","1","0","2024-04-12 10:56:25","2024-04-12 15:17:39","97",NULL
"631","Garnachas",NULL,NULL,NULL,"1","1","0","2024-04-12 10:56:41","2024-04-12 15:17:39","97",NULL
"632","Sopas",NULL,NULL,NULL,"2","1","0","2024-04-12 10:57:04","2024-04-12 15:17:39","97",NULL
"633","Tacos",NULL,NULL,NULL,"3","1","0","2024-04-12 10:57:15","2024-04-12 15:17:39","97",NULL
"634","Clásicos ",NULL,NULL,NULL,"4","1","0","2024-04-12 10:57:30","2024-04-12 15:17:39","97",NULL
"635","Tortugas",NULL,NULL,NULL,"5","1","0","2024-04-12 10:57:47","2024-04-12 15:17:39","97",NULL
"636","Sobremesas",NULL,NULL,NULL,"7","1","0","2024-04-12 10:58:03","2024-04-12 15:17:39","97",NULL
"637","Soft drinks",NULL,NULL,NULL,"8","1","0","2024-04-12 10:58:24","2024-04-12 15:17:39","97",NULL
"638","Beers",NULL,NULL,NULL,"9","1","0","2024-04-12 10:58:32","2024-04-12 15:17:39","97",NULL
"639","Cocktail ",NULL,NULL,NULL,"10","1","0","2024-04-12 10:58:55","2024-04-12 15:17:39","97",NULL
"640","Shots ",NULL,NULL,NULL,"11","1","0","2024-04-12 10:59:11","2024-04-12 15:17:39","97",NULL
"641","Tostadas",NULL,NULL,NULL,"6","1","0","2024-04-12 15:17:27","2024-04-12 15:20:46","97",NULL
"642","Carta de Vinhos",NULL,NULL,NULL,"9","0","0","2024-04-12 16:49:56","2024-04-12 16:51:00","75",NULL
"643","PIZZA ",NULL,NULL,NULL,"0","1","1","2023-12-25 02:24:37","2024-04-13 04:31:31","98",NULL
"644","ENTRADAS / PETISCOS / TAPAS",NULL,NULL,NULL,"0","1","0","2023-12-25 02:31:04","2024-04-13 04:31:31","98","Starters / to nibble"
"645","PASTA & RISOTTO",NULL,NULL,NULL,"2","1","1","2023-12-25 02:33:21","2024-04-13 04:31:32","98",NULL
"646","DO TALHO",NULL,NULL,NULL,"3","1","1","2023-12-25 02:33:40","2024-04-13 04:31:32","98",NULL
"647","DO MAR",NULL,NULL,NULL,"4","1","1","2023-12-25 02:33:52","2024-04-13 04:31:32","98",NULL
"648","DO CAMPO",NULL,NULL,NULL,"5","1","1","2023-12-25 02:35:26","2024-04-13 04:31:32","98",NULL
"649","DOCES ",NULL,NULL,NULL,"3","1","0","2023-12-25 02:35:52","2024-04-13 04:31:32","98","Sweets"
"650","TOSTAS E CREPES SALGADOS ",NULL,NULL,NULL,"4","1","0","2023-12-25 02:36:53","2024-04-13 04:31:32","98","Toasties & salted crepes"
"651","BEBIDAS QUENTES  ",NULL,NULL,NULL,"5","1","0","2023-12-25 02:38:08","2024-04-13 04:31:32","98","Hot Drinks"
"652","PRATOS PRINCIPAIS ",NULL,NULL,NULL,"1","1","0","2023-12-25 02:43:41","2024-04-13 04:31:32","98","Main"
"653","BEBIDAS , DRINKS & COCKTAILS ",NULL,NULL,NULL,"6","1","0","2023-12-26 20:39:17","2024-04-13 04:31:32","98","Drinks & Cocktails & Co"
"654","PIZZAS ",NULL,NULL,NULL,"2","1","0","2023-12-27 02:28:20","2024-04-13 04:31:32","98","Pizzas"
"655","VINHOS    ",NULL,NULL,NULL,"7","1","0","2023-12-27 03:35:31","2024-04-13 04:31:32","98","Wine"
"656","Antojitos",NULL,NULL,NULL,"0","1","0","2024-04-12 10:56:25","2024-04-14 12:50:20","100",NULL
"657","Garnachas",NULL,NULL,NULL,"1","1","1","2024-04-12 10:56:41","2024-04-17 16:51:53","100",NULL
"658","Sopas",NULL,NULL,NULL,"2","1","0","2024-04-12 10:57:04","2024-04-14 12:50:20","100",NULL
"659","Tacos",NULL,NULL,NULL,"3","1","0","2024-04-12 10:57:15","2024-04-14 12:50:20","100",NULL
"660","Clásicos ",NULL,NULL,NULL,"4","1","1","2024-04-12 10:57:30","2024-04-17 16:52:22","100",NULL
"661","Tortugas",NULL,NULL,NULL,"5","1","1","2024-04-12 10:57:47","2024-04-17 16:52:26","100",NULL
"662","Sobremesas",NULL,NULL,NULL,"7","1","0","2024-04-12 10:58:03","2024-04-14 12:50:20","100",NULL
"663","Soft drinks",NULL,NULL,NULL,"8","1","0","2024-04-12 10:58:24","2024-04-14 12:50:20","100",NULL
"664","Beers",NULL,NULL,NULL,"9","1","0","2024-04-12 10:58:32","2024-04-14 12:50:21","100",NULL
"665","Cocktail ",NULL,NULL,NULL,"10","1","0","2024-04-12 10:58:55","2024-04-14 12:50:21","100",NULL
"666","Shots ",NULL,NULL,NULL,"11","1","0","2024-04-12 10:59:11","2024-04-14 12:50:21","100",NULL
"667","Tostadas",NULL,NULL,NULL,"6","1","1","2024-04-12 15:17:27","2024-04-17 16:53:12","100",NULL
"668","Pets",NULL,NULL,NULL,"0","1","0","2024-04-17 06:01:15","2024-04-17 06:09:42","102",NULL
"669","ANTIPASTI - Entradas Italianas",NULL,NULL,NULL,"0","1","0","2024-04-22 14:38:05","2024-04-22 14:39:39","101",NULL
"670","PRIMI PIATI",NULL,NULL,NULL,"0","1","0","2024-04-22 14:38:20","2024-04-22 14:38:20","101",NULL
"671","PIZZA & CALZONE",NULL,NULL,NULL,"0","1","0","2024-04-22 14:38:37","2024-04-22 14:38:37","101",NULL
"672","INPIN RYIORI - Entrada Japonesas",NULL,NULL,NULL,"0","1","0","2024-04-22 14:39:23","2024-04-22 14:39:23","101",NULL
"673","ESTE OESTE - Itália & Japão",NULL,NULL,NULL,"0","1","0","2024-04-22 14:40:05","2024-04-22 14:40:05","101",NULL
"674","SUSHI & SASHIMI",NULL,NULL,NULL,"0","1","0","2024-04-22 14:40:21","2024-04-22 14:40:21","101",NULL
"675","TEMAKI",NULL,NULL,NULL,"0","1","0","2024-04-22 14:40:31","2024-04-22 14:40:31","101",NULL
"676","Soup",NULL,NULL,NULL,NULL,"1","0","2024-04-25 05:39:13","2024-04-25 05:39:13","14","Soup"
"677","Food",NULL,NULL,NULL,"0","1","1","2023-12-10 16:07:39","2024-04-25 05:41:38","103","Food"
"678","Drinks",NULL,NULL,NULL,"0","1","1","2023-12-10 16:07:53","2024-04-25 05:41:39","103","Drinks"
"679","Antipasti",NULL,NULL,NULL,"1","1","0","2023-12-28 11:42:31","2024-04-26 15:47:08","104","Starters"
"680","Pizzas Tradicionais",NULL,NULL,NULL,"2","1","0","2023-12-28 11:42:42","2024-04-26 15:47:08","104","Traditional Pizzas"
"681","Pizzas Especiais",NULL,NULL,NULL,"3","1","0","2023-12-28 11:42:55","2024-04-26 15:47:08","104","Special Pizzas"
"682","Massas Caseiras",NULL,NULL,NULL,"4","1","0","2023-12-28 11:43:05","2024-04-26 15:47:08","104","Pastas"
"683","Sobremesas",NULL,NULL,NULL,"5","1","0","2023-12-28 12:11:19","2024-04-26 15:47:09","104","Desserts"
"684","Bebidas",NULL,NULL,NULL,"6","1","0","2023-12-28 12:12:10","2024-04-26 15:47:09","104",NULL
"685","Vinhos",NULL,NULL,NULL,"7","1","0","2024-01-26 13:45:08","2024-04-26 15:47:09","104",NULL
"686","Pratos Especiais do Dia",NULL,NULL,NULL,"0","0","0","2024-01-26 17:08:22","2024-04-26 15:47:09","104",NULL
"687","ENTRADAS",NULL,NULL,NULL,"0","1","0","2024-04-29 15:07:19","2024-04-29 15:07:19","105",NULL
"688","TEMAKIS",NULL,NULL,NULL,"0","1","0","2024-04-29 15:07:31","2024-04-29 15:07:31","105",NULL
"689","BOWLS",NULL,NULL,NULL,"0","1","0","2024-04-29 15:07:41","2024-04-29 15:07:41","105",NULL
"690","MAKIS",NULL,NULL,NULL,"0","1","0","2024-04-29 15:07:48","2024-04-29 15:07:48","105",NULL
"691","SASHIMI - NIGIRIS - HOSOMAKIS",NULL,NULL,NULL,"0","1","0","2024-04-29 15:08:04","2024-04-29 15:08:04","105",NULL
"692","COMBINADOS",NULL,NULL,NULL,"0","1","0","2024-04-29 15:08:18","2024-04-29 15:08:18","105",NULL
"693","SOBREMESA",NULL,NULL,NULL,"0","1","0","2024-04-29 15:08:24","2024-04-29 15:08:24","105",NULL
"694","BEBIDAS",NULL,NULL,NULL,"0","1","0","2024-04-29 15:08:31","2024-04-29 15:08:31","105",NULL
"695","GRELHADOS",NULL,NULL,NULL,"2","1","1","2024-04-30 12:55:55","2024-05-01 10:37:13","13",NULL
"696","FRANCESINHAS",NULL,NULL,NULL,"0","1","1","2024-04-30 13:55:32","2024-04-30 13:57:30","13",NULL
"697","ENTRADAS",NULL,NULL,NULL,"0","1","0","2024-05-01 10:36:26","2024-05-01 10:36:31","13",NULL
"698","SopaSopaSopaSopaSopaSopaSopaSopaSopaSopaSopaSopaSopaSopaSopaSopaSopaSopaSopaSopaSopaSopaSopaSopaSopaSopaSopaSopaSopaSopaSopaSopaSopaSopaSopaSopaSopaSopaSopaSopaSopaSopaSopaSopaSopaSopaSopaSopaSopaSopaSopa",NULL,NULL,NULL,NULL,"1","1","2024-05-03 11:21:06","2024-05-03 11:22:26","6","Soup"
